[2026-09-02T03:44:46.940Z] - Status: SUCCESS - Source: eBay Production API
[2026-09-02T03:45:35.438Z] - Status: SUCCESS - Source: eBay Production API
[2026-09-02T04:02:51.661Z] - Status: SUCCESS - Source: eBay Production API
[2026-09-02T04:03:41.340Z] - Status: SUCCESS - Source: eBay Production API
[2026-09-02T04:21:30.012Z] - Status: SUCCESS - Source: eBay Production API
[2026-09-02T04:29:51.947Z] - Status: SUCCESS - Source: eBay Production API
[2026-09-02T04:30:45.976Z] - Status: SUCCESS - Source: eBay Production API
[2026-09-02T04:41:21.960Z] - Status: SUCCESS - Source: eBay Production API
[2026-09-02T04:47:45.385Z] - Status: SUCCESS - Source: eBay Production API
[2026-09-02T04:54:26.931Z] - Status: SUCCESS - Source: eBay Production API
[2026-09-02T04:54:53.946Z] - Status: SUCCESS - Source: eBay Production API
[2026-09-02T04:56:07.549Z] - Status: SUCCESS - Source: eBay Production API
[2026-09-02T04:56:58.860Z] - Status: SUCCESS - Source: eBay Production API
[2026-09-02T05:11:20.979Z] - Status: SUCCESS - Source: eBay Production API
[2026-09-02T05:13:28.143Z] - Status: SUCCESS - Source: eBay Production API
[2026-09-03T04:05:27.485Z] === SYNC STARTED: Querying secondary server memory market data (36 SKUs) ===
[2026-09-03T04:05:27.831Z] Authenticated with eBay Production API. Processing 36 SKUs...
[2026-09-03T04:05:28.469Z] [SKU 1/36] DDR3 16GB 1333MT/s ECC RDIMM - Status: SUCCESS - Avg: $15.80 (Range: $10.00 - $20.00)
[2026-09-03T04:05:29.672Z] [SKU 2/36] DDR3 16GB 1600MT/s ECC RDIMM - Status: SUCCESS - Avg: $15.31 (Range: $12.63 - $20.00)
[2026-09-03T04:05:30.734Z] [SKU 3/36] DDR3 16GB 1866MT/s ECC RDIMM - Status: SUCCESS - Avg: $24.14 (Range: $14.00 - $46.99)
[2026-09-03T04:05:31.841Z] [SKU 4/36] DDR3 32GB 1333MT/s ECC RDIMM - Status: SUCCESS - Avg: $29.72 (Range: $6.13 - $60.00)
[2026-09-03T04:05:32.958Z] [SKU 5/36] DDR3 32GB 1600MT/s ECC RDIMM - Status: SUCCESS - Avg: $40.15 (Range: $19.99 - $60.00)
[2026-09-03T04:05:34.108Z] [SKU 6/36] DDR3 32GB 1866MT/s ECC RDIMM - Status: SUCCESS - Avg: $36.18 (Range: $19.38 - $90.00)
[2026-09-03T04:05:35.363Z] [SKU 7/36] DDR4 16GB 2133MT/s ECC RDIMM - Status: SUCCESS - Avg: $31.25 (Range: $16.67 - $55.00)
[2026-09-03T04:05:36.404Z] [SKU 8/36] DDR4 16GB 2400MT/s ECC RDIMM - Status: SUCCESS - Avg: $19.32 (Range: $17.50 - $21.67)
[2026-09-03T04:05:37.550Z] [SKU 9/36] DDR4 16GB 2666MT/s ECC RDIMM - Status: SUCCESS - Avg: $43.65 (Range: $23.70 - $74.99)
[2026-09-03T04:05:38.687Z] [SKU 10/36] DDR4 16GB 2933MT/s ECC RDIMM - Status: SUCCESS - Avg: $54.35 (Range: $23.75 - $80.00)
[2026-09-03T04:05:39.777Z] [SKU 11/36] DDR4 16GB 3200MT/s ECC RDIMM - Status: SUCCESS - Avg: $40.86 (Range: $27.49 - $89.99)
[2026-09-03T04:05:40.886Z] [SKU 12/36] DDR4 32GB 2133MT/s ECC RDIMM - Status: SUCCESS - Avg: $37.53 (Range: $27.25 - $67.47)
[2026-09-03T04:05:42.009Z] [SKU 13/36] DDR4 32GB 2400MT/s ECC RDIMM - Status: SUCCESS - Avg: $46.47 (Range: $33.80 - $114.99)
[2026-09-03T04:05:43.108Z] [SKU 14/36] DDR4 32GB 2666MT/s ECC RDIMM - Status: SUCCESS - Avg: $77.75 (Range: $38.75 - $135.29)
[2026-09-03T04:05:44.236Z] [SKU 15/36] DDR4 32GB 2933MT/s ECC RDIMM - Status: SUCCESS - Avg: $45.11 (Range: $41.60 - $48.75)
[2026-09-03T04:05:45.267Z] [SKU 16/36] DDR4 32GB 3200MT/s ECC RDIMM - Status: SUCCESS - Avg: $47.83 (Range: $43.00 - $50.99)
[2026-09-03T04:05:46.253Z] [SKU 17/36] DDR4 64GB 2133MT/s ECC RDIMM - Status: SUCCESS - Avg: $89.72 (Range: $52.49 - $214.99)
[2026-09-03T04:05:47.288Z] [SKU 18/36] DDR4 64GB 2400MT/s ECC RDIMM - Status: SUCCESS - Avg: $86.13 (Range: $66.15 - $200.00)
[2026-09-03T04:05:48.315Z] [SKU 19/36] DDR4 64GB 2666MT/s ECC RDIMM - Status: SUCCESS - Avg: $69.79 (Range: $31.24 - $93.49)
[2026-09-03T04:05:49.385Z] [SKU 20/36] DDR4 64GB 2933MT/s ECC RDIMM - Status: SUCCESS - Avg: $106.03 (Range: $80.00 - $273.75)
[2026-09-03T04:05:50.454Z] [SKU 21/36] DDR4 64GB 3200MT/s ECC RDIMM - Status: SUCCESS - Avg: $111.71 (Range: $90.39 - $244.97)
[2026-09-03T04:05:51.618Z] [SKU 22/36] DDR4 128GB 2666MT/s ECC RDIMM - Status: SUCCESS - Avg: $295.07 (Range: $80.00 - $759.00)
[2026-09-03T04:05:52.701Z] [SKU 23/36] DDR4 128GB 2933MT/s ECC RDIMM - Status: SUCCESS - Avg: $531.95 (Range: $189.75 - $859.99)
[2026-09-03T04:05:53.786Z] [SKU 24/36] DDR4 128GB 3200MT/s ECC RDIMM - Status: SUCCESS - Avg: $478.09 (Range: $89.00 - $999.99)
[2026-09-03T04:05:54.857Z] [SKU 25/36] DDR5 16GB 4800MT/s ECC RDIMM - Status: SUCCESS - Avg: $41.55 (Range: $40.64 - $42.79)
[2026-09-03T04:05:55.990Z] [SKU 26/36] DDR5 16GB 5600MT/s ECC RDIMM - Status: SUCCESS - Avg: $53.64 (Range: $48.99 - $56.25)
[2026-09-03T04:05:57.068Z] [SKU 27/36] DDR5 32GB 4800MT/s ECC RDIMM - Status: SUCCESS - Avg: $68.37 (Range: $66.25 - $70.45)
[2026-09-03T04:05:58.115Z] [SKU 28/36] DDR5 32GB 5600MT/s ECC RDIMM - Status: SUCCESS - Avg: $85.86 (Range: $82.92 - $88.46)
[2026-09-03T04:05:59.197Z] [SKU 29/36] DDR5 48GB 5600MT/s ECC RDIMM - Status: SUCCESS - Avg: $130.48 (Range: $126.45 - $132.14)
[2026-09-03T04:06:00.289Z] [SKU 30/36] DDR5 64GB 4800MT/s ECC RDIMM - Status: SUCCESS - Avg: $131.73 (Range: $128.57 - $133.27)
[2026-09-03T04:06:00.314Z] === SYNC STARTED: Querying secondary server memory market data (36 SKUs) ===
[2026-09-03T04:06:00.629Z] Authenticated with eBay Production API. Processing 36 SKUs...
[2026-09-03T04:06:01.316Z] [SKU 31/36] DDR5 64GB 5600MT/s ECC RDIMM - Status: SUCCESS - Avg: $161.60 (Range: $157.14 - $164.88)
[2026-09-03T04:06:01.390Z] [SKU 1/36] DDR3 16GB 1333MT/s ECC RDIMM - Status: SUCCESS - Avg: $14.89 (Range: $10.00 - $19.99)
[2026-09-03T04:06:02.453Z] [SKU 32/36] DDR5 64GB 6400MT/s ECC RDIMM - Status: SUCCESS - Avg: $194.77 (Range: $190.56 - $200.00)
[2026-09-03T04:06:02.458Z] [SKU 2/36] DDR3 16GB 1600MT/s ECC RDIMM - Status: SUCCESS - Avg: $15.31 (Range: $12.63 - $20.00)
[2026-09-03T04:06:03.536Z] [SKU 33/36] DDR5 96GB 5600MT/s ECC RDIMM - Status: SUCCESS - Avg: $339.52 (Range: $318.75 - $355.44)
[2026-09-03T04:06:03.561Z] [SKU 3/36] DDR3 16GB 1866MT/s ECC RDIMM - Status: SUCCESS - Avg: $24.14 (Range: $14.00 - $46.99)
[2026-09-03T04:06:04.605Z] [SKU 34/36] DDR5 128GB 4800MT/s ECC RDIMM - Status: SUCCESS - Avg: $3807.90 (Range: $975.00 - $5079.00)
[2026-09-03T04:06:04.606Z] [SKU 4/36] DDR3 32GB 1333MT/s ECC RDIMM - Status: SUCCESS - Avg: $31.12 (Range: $6.13 - $60.00)
[2026-09-03T04:06:05.700Z] [SKU 35/36] DDR5 128GB 5600MT/s ECC RDIMM - Status: SUCCESS - Avg: $3587.21 (Range: $999.98 - $4999.00)
[2026-09-03T04:06:05.706Z] [SKU 5/36] DDR3 32GB 1600MT/s ECC RDIMM - Status: SUCCESS - Avg: $40.15 (Range: $19.99 - $60.00)
[2026-09-03T04:06:06.785Z] [SKU 6/36] DDR3 32GB 1866MT/s ECC RDIMM - Status: SUCCESS - Avg: $36.18 (Range: $19.38 - $90.00)
[2026-09-03T04:06:06.815Z] [SKU 36/36] DDR5 256GB 4800MT/s ECC RDIMM - Status: SUCCESS - Avg: $6324.00 (Range: $1930.00 - $9495.00)
[2026-09-03T04:06:07.320Z] === SYNC FINISHED - Total SKUs: 36, Success: 36, Failed: 0 - Source: eBay Production API - Overall: SUCCESS ===
[2026-09-03T04:06:07.927Z] [SKU 7/36] DDR4 16GB 2133MT/s ECC RDIMM - Status: SUCCESS - Avg: $30.00 (Range: $16.67 - $55.00)
[2026-09-03T04:06:09.013Z] [SKU 8/36] DDR4 16GB 2400MT/s ECC RDIMM - Status: SUCCESS - Avg: $19.32 (Range: $17.50 - $21.67)
[2026-09-03T04:06:10.086Z] [SKU 9/36] DDR4 16GB 2666MT/s ECC RDIMM - Status: SUCCESS - Avg: $38.91 (Range: $23.70 - $74.99)
[2026-09-03T04:06:11.223Z] [SKU 10/36] DDR4 16GB 2933MT/s ECC RDIMM - Status: SUCCESS - Avg: $49.02 (Range: $23.75 - $80.00)
[2026-09-03T04:06:12.247Z] [SKU 11/36] DDR4 16GB 3200MT/s ECC RDIMM - Status: SUCCESS - Avg: $35.68 (Range: $27.49 - $89.99)
[2026-09-03T04:06:13.308Z] [SKU 12/36] DDR4 32GB 2133MT/s ECC RDIMM - Status: SUCCESS - Avg: $37.53 (Range: $27.25 - $67.47)
[2026-09-03T04:06:14.368Z] [SKU 13/36] DDR4 32GB 2400MT/s ECC RDIMM - Status: SUCCESS - Avg: $46.47 (Range: $33.80 - $114.99)
[2026-09-03T04:06:15.461Z] [SKU 14/36] DDR4 32GB 2666MT/s ECC RDIMM - Status: SUCCESS - Avg: $77.88 (Range: $38.75 - $135.29)
[2026-09-03T04:06:16.507Z] [SKU 15/36] DDR4 32GB 2933MT/s ECC RDIMM - Status: SUCCESS - Avg: $45.11 (Range: $41.60 - $48.75)
[2026-09-03T04:06:17.568Z] [SKU 16/36] DDR4 32GB 3200MT/s ECC RDIMM - Status: SUCCESS - Avg: $47.83 (Range: $43.00 - $50.99)
[2026-09-03T04:06:18.652Z] [SKU 17/36] DDR4 64GB 2133MT/s ECC RDIMM - Status: SUCCESS - Avg: $104.49 (Range: $52.49 - $219.99)
[2026-09-03T04:06:19.724Z] [SKU 18/36] DDR4 64GB 2400MT/s ECC RDIMM - Status: SUCCESS - Avg: $86.13 (Range: $66.15 - $200.00)
[2026-09-03T04:06:20.757Z] [SKU 19/36] DDR4 64GB 2666MT/s ECC RDIMM - Status: SUCCESS - Avg: $69.79 (Range: $31.24 - $93.49)
[2026-09-03T04:06:21.807Z] [SKU 20/36] DDR4 64GB 2933MT/s ECC RDIMM - Status: SUCCESS - Avg: $106.36 (Range: $80.00 - $273.75)
[2026-09-03T04:06:22.823Z] [SKU 21/36] DDR4 64GB 3200MT/s ECC RDIMM - Status: SUCCESS - Avg: $112.28 (Range: $90.39 - $244.97)
[2026-09-03T04:06:23.855Z] [SKU 22/36] DDR4 128GB 2666MT/s ECC RDIMM - Status: SUCCESS - Avg: $293.11 (Range: $80.00 - $759.00)
[2026-09-03T04:06:24.924Z] [SKU 23/36] DDR4 128GB 2933MT/s ECC RDIMM - Status: SUCCESS - Avg: $531.95 (Range: $189.75 - $859.99)
[2026-09-03T04:06:25.913Z] [SKU 24/36] DDR4 128GB 3200MT/s ECC RDIMM - Status: SUCCESS - Avg: $426.94 (Range: $89.00 - $999.99)
[2026-09-03T04:06:26.959Z] [SKU 25/36] DDR5 16GB 4800MT/s ECC RDIMM - Status: SUCCESS - Avg: $41.40 (Range: $40.64 - $42.03)
[2026-09-03T04:06:27.943Z] [SKU 26/36] DDR5 16GB 5600MT/s ECC RDIMM - Status: SUCCESS - Avg: $53.64 (Range: $48.99 - $56.25)
[2026-09-03T04:06:28.985Z] [SKU 27/36] DDR5 32GB 4800MT/s ECC RDIMM - Status: SUCCESS - Avg: $68.32 (Range: $66.25 - $70.00)
[2026-09-03T04:06:29.979Z] [SKU 28/36] DDR5 32GB 5600MT/s ECC RDIMM - Status: SUCCESS - Avg: $85.69 (Range: $82.92 - $88.46)
[2026-09-03T04:06:31.034Z] [SKU 29/36] DDR5 48GB 5600MT/s ECC RDIMM - Status: SUCCESS - Avg: $130.48 (Range: $126.45 - $132.14)
[2026-09-03T04:06:32.129Z] [SKU 30/36] DDR5 64GB 4800MT/s ECC RDIMM - Status: SUCCESS - Avg: $131.69 (Range: $128.57 - $133.27)
[2026-09-03T04:06:33.214Z] [SKU 31/36] DDR5 64GB 5600MT/s ECC RDIMM - Status: SUCCESS - Avg: $161.60 (Range: $157.14 - $164.88)
[2026-09-03T04:06:34.267Z] [SKU 32/36] DDR5 64GB 6400MT/s ECC RDIMM - Status: SUCCESS - Avg: $194.77 (Range: $190.56 - $200.00)
[2026-09-03T04:06:35.263Z] [SKU 33/36] DDR5 96GB 5600MT/s ECC RDIMM - Status: SUCCESS - Avg: $339.52 (Range: $318.75 - $355.44)
[2026-09-03T04:06:36.311Z] [SKU 34/36] DDR5 128GB 4800MT/s ECC RDIMM - Status: SUCCESS - Avg: $3807.90 (Range: $975.00 - $5079.00)
[2026-09-03T04:06:37.382Z] [SKU 35/36] DDR5 128GB 5600MT/s ECC RDIMM - Status: SUCCESS - Avg: $3587.21 (Range: $999.98 - $4999.00)
[2026-09-03T04:06:38.477Z] [SKU 36/36] DDR5 256GB 4800MT/s ECC RDIMM - Status: SUCCESS - Avg: $6324.00 (Range: $1930.00 - $9495.00)
[2026-09-03T04:06:38.979Z] === SYNC FINISHED - Total SKUs: 36, Success: 36, Failed: 0 - Source: eBay Production API - Overall: SUCCESS ===
[2026-09-03T04:53:24.694Z] === SYNC STARTED: Querying secondary server memory market data (36 SKUs) ===
[2026-09-03T04:53:25.082Z] Authenticated with eBay Production API. Processing 36 SKUs...
[2026-09-03T04:53:25.663Z] [SKU 1/36] DDR3 16GB 1333MT/s ECC RDIMM - Status: SUCCESS - Avg: $15.85 (Range: $10.00 - $20.00)
[2026-09-03T04:53:26.752Z] [SKU 2/36] DDR3 16GB 1600MT/s ECC RDIMM - Status: SUCCESS - Avg: $15.43 (Range: $12.63 - $20.00)
[2026-09-03T04:53:27.820Z] [SKU 3/36] DDR3 16GB 1866MT/s ECC RDIMM - Status: SUCCESS - Avg: $24.06 (Range: $14.00 - $46.99)
[2026-09-03T04:53:28.902Z] [SKU 4/36] DDR3 32GB 1333MT/s ECC RDIMM - Status: SUCCESS - Avg: $29.42 (Range: $6.13 - $60.00)
[2026-09-03T04:53:29.933Z] [SKU 5/36] DDR3 32GB 1600MT/s ECC RDIMM - Status: SUCCESS - Avg: $40.15 (Range: $19.99 - $60.00)
[2026-09-03T04:53:30.977Z] [SKU 6/36] DDR3 32GB 1866MT/s ECC RDIMM - Status: SUCCESS - Avg: $36.18 (Range: $19.38 - $90.00)
[2026-09-03T04:53:32.051Z] [SKU 7/36] DDR4 16GB 2133MT/s ECC RDIMM - Status: SUCCESS - Avg: $30.25 (Range: $16.67 - $55.00)
[2026-09-03T04:53:33.113Z] [SKU 8/36] DDR4 16GB 2400MT/s ECC RDIMM - Status: SUCCESS - Avg: $19.32 (Range: $17.50 - $21.67)
[2026-09-03T04:53:34.192Z] [SKU 9/36] DDR4 16GB 2666MT/s ECC RDIMM - Status: SUCCESS - Avg: $38.91 (Range: $23.70 - $74.99)
[2026-09-03T04:53:35.200Z] [SKU 10/36] DDR4 16GB 2933MT/s ECC RDIMM - Status: SUCCESS - Avg: $49.24 (Range: $23.75 - $80.00)
[2026-09-03T04:53:36.297Z] [SKU 11/36] DDR4 16GB 3200MT/s ECC RDIMM - Status: SUCCESS - Avg: $35.24 (Range: $27.49 - $89.99)
[2026-09-03T04:53:37.550Z] [SKU 12/36] DDR4 32GB 2133MT/s ECC RDIMM - Status: SUCCESS - Avg: $37.53 (Range: $27.25 - $67.47)
[2026-09-03T04:53:38.644Z] [SKU 13/36] DDR4 32GB 2400MT/s ECC RDIMM - Status: SUCCESS - Avg: $46.47 (Range: $33.80 - $114.99)
[2026-09-03T04:53:39.657Z] [SKU 14/36] DDR4 32GB 2666MT/s ECC RDIMM - Status: SUCCESS - Avg: $77.75 (Range: $38.75 - $135.29)
[2026-09-03T04:53:40.654Z] [SKU 15/36] DDR4 32GB 2933MT/s ECC RDIMM - Status: SUCCESS - Avg: $45.11 (Range: $41.60 - $48.75)
[2026-09-03T04:53:41.712Z] [SKU 16/36] DDR4 32GB 3200MT/s ECC RDIMM - Status: SUCCESS - Avg: $47.89 (Range: $43.00 - $50.99)
[2026-09-03T04:53:42.740Z] [SKU 17/36] DDR4 64GB 2133MT/s ECC RDIMM - Status: SUCCESS - Avg: $104.49 (Range: $52.49 - $219.99)
[2026-09-03T04:53:43.806Z] [SKU 18/36] DDR4 64GB 2400MT/s ECC RDIMM - Status: SUCCESS - Avg: $86.13 (Range: $66.15 - $200.00)
[2026-09-03T04:53:44.779Z] [SKU 19/36] DDR4 64GB 2666MT/s ECC RDIMM - Status: SUCCESS - Avg: $69.79 (Range: $31.24 - $93.49)
[2026-09-03T04:53:45.817Z] [SKU 20/36] DDR4 64GB 2933MT/s ECC RDIMM - Status: SUCCESS - Avg: $106.36 (Range: $80.00 - $273.75)
[2026-09-03T04:53:46.891Z] [SKU 21/36] DDR4 64GB 3200MT/s ECC RDIMM - Status: SUCCESS - Avg: $111.73 (Range: $90.39 - $244.97)
[2026-09-03T04:53:47.962Z] [SKU 22/36] DDR4 128GB 2666MT/s ECC RDIMM - Status: SUCCESS - Avg: $295.07 (Range: $80.00 - $759.00)
[2026-09-03T04:53:48.994Z] [SKU 23/36] DDR4 128GB 2933MT/s ECC RDIMM - Status: SUCCESS - Avg: $531.95 (Range: $189.75 - $859.99)
[2026-09-03T04:53:50.042Z] [SKU 24/36] DDR4 128GB 3200MT/s ECC RDIMM - Status: SUCCESS - Avg: $478.09 (Range: $89.00 - $999.99)
[2026-09-03T04:53:51.115Z] [SKU 25/36] DDR5 16GB 4800MT/s ECC RDIMM - Status: SUCCESS - Avg: $41.57 (Range: $40.64 - $42.79)
[2026-09-03T04:53:52.149Z] [SKU 26/36] DDR5 16GB 5600MT/s ECC RDIMM - Status: SUCCESS - Avg: $53.64 (Range: $48.99 - $56.25)
[2026-09-03T04:53:53.172Z] [SKU 27/36] DDR5 32GB 4800MT/s ECC RDIMM - Status: SUCCESS - Avg: $68.37 (Range: $66.25 - $70.45)
[2026-09-03T04:53:54.197Z] [SKU 28/36] DDR5 32GB 5600MT/s ECC RDIMM - Status: SUCCESS - Avg: $85.86 (Range: $82.92 - $88.46)
[2026-09-03T04:53:55.225Z] [SKU 29/36] DDR5 48GB 5600MT/s ECC RDIMM - Status: SUCCESS - Avg: $130.48 (Range: $126.45 - $132.14)
[2026-09-03T04:53:56.273Z] [SKU 30/36] DDR5 64GB 4800MT/s ECC RDIMM - Status: SUCCESS - Avg: $131.73 (Range: $128.57 - $133.27)
[2026-09-03T04:53:57.315Z] [SKU 31/36] DDR5 64GB 5600MT/s ECC RDIMM - Status: SUCCESS - Avg: $161.11 (Range: $157.14 - $164.65)
[2026-09-03T04:53:58.345Z] [SKU 32/36] DDR5 64GB 6400MT/s ECC RDIMM - Status: SUCCESS - Avg: $194.77 (Range: $190.56 - $200.00)
[2026-09-03T04:53:59.393Z] [SKU 33/36] DDR5 96GB 5600MT/s ECC RDIMM - Status: SUCCESS - Avg: $339.52 (Range: $318.75 - $355.44)
[2026-09-03T04:54:00.447Z] [SKU 34/36] DDR5 128GB 4800MT/s ECC RDIMM - Status: SUCCESS - Avg: $3807.90 (Range: $975.00 - $5079.00)
[2026-09-03T04:54:01.512Z] [SKU 35/36] DDR5 128GB 5600MT/s ECC RDIMM - Status: SUCCESS - Avg: $3587.21 (Range: $999.98 - $4999.00)
[2026-09-03T04:54:02.585Z] [SKU 36/36] DDR5 256GB 4800MT/s ECC RDIMM - Status: SUCCESS - Avg: $6324.00 (Range: $1930.00 - $9495.00)
[2026-09-03T04:54:03.087Z] === SYNC FINISHED - Total SKUs: 36, Success: 36, Failed: 0 - Source: eBay Production API - Overall: SUCCESS ===
[2026-09-03T05:06:57.689Z] === SYNC STARTED: Querying secondary server memory market data (36 SKUs) ===
[2026-09-03T05:06:57.995Z] Authenticated with eBay Production API. Processing 36 SKUs...
[2026-09-03T05:06:58.659Z] [SKU 1/36] DDR3 16GB 1333MT/s ECC RDIMM - Status: SUCCESS - Avg: $15.85 (Range: $10.00 - $20.00) - Items: 10
[2026-09-03T05:06:59.776Z] [SKU 2/36] DDR3 16GB 1600MT/s ECC RDIMM - Status: SUCCESS - Avg: $15.43 (Range: $12.63 - $20.00) - Items: 10
[2026-09-03T05:07:00.844Z] [SKU 3/36] DDR3 16GB 1866MT/s ECC RDIMM - Status: SUCCESS - Avg: $24.06 (Range: $14.00 - $46.99) - Items: 10
[2026-09-03T05:07:01.971Z] [SKU 4/36] DDR3 32GB 1333MT/s ECC RDIMM - Status: SUCCESS - Avg: $29.43 (Range: $6.13 - $60.00) - Items: 10
[2026-09-03T05:07:03.127Z] [SKU 5/36] DDR3 32GB 1600MT/s ECC RDIMM - Status: SUCCESS - Avg: $40.15 (Range: $19.99 - $60.00) - Items: 10
[2026-09-03T05:07:04.195Z] [SKU 6/36] DDR3 32GB 1866MT/s ECC RDIMM - Status: SUCCESS - Avg: $36.18 (Range: $19.38 - $90.00) - Items: 10
[2026-09-03T05:07:05.305Z] [SKU 7/36] DDR4 16GB 2133MT/s ECC RDIMM - Status: SUCCESS - Avg: $30.25 (Range: $16.67 - $55.00) - Items: 10
[2026-09-03T05:07:06.392Z] [SKU 8/36] DDR4 16GB 2400MT/s ECC RDIMM - Status: SUCCESS - Avg: $19.32 (Range: $17.50 - $21.67) - Items: 10
[2026-09-03T05:07:07.434Z] [SKU 9/36] DDR4 16GB 2666MT/s ECC RDIMM - Status: SUCCESS - Avg: $38.91 (Range: $23.70 - $74.99) - Items: 10
[2026-09-03T05:07:08.489Z] [SKU 10/36] DDR4 16GB 2933MT/s ECC RDIMM - Status: SUCCESS - Avg: $49.02 (Range: $23.75 - $80.00) - Items: 10
[2026-09-03T05:07:09.513Z] [SKU 11/36] DDR4 16GB 3200MT/s ECC RDIMM - Status: SUCCESS - Avg: $35.23 (Range: $27.49 - $89.99) - Items: 10
[2026-09-03T05:07:10.599Z] [SKU 12/36] DDR4 32GB 2133MT/s ECC RDIMM - Status: SUCCESS - Avg: $37.53 (Range: $27.25 - $67.47) - Items: 10
[2026-09-03T05:07:11.621Z] [SKU 13/36] DDR4 32GB 2400MT/s ECC RDIMM - Status: SUCCESS - Avg: $38.98 (Range: $33.80 - $43.66) - Items: 10
[2026-09-03T05:07:12.695Z] [SKU 14/36] DDR4 32GB 2666MT/s ECC RDIMM - Status: SUCCESS - Avg: $78.06 (Range: $38.75 - $135.82) - Items: 10
[2026-09-03T05:07:13.744Z] [SKU 15/36] DDR4 32GB 2933MT/s ECC RDIMM - Status: SUCCESS - Avg: $45.11 (Range: $41.60 - $48.75) - Items: 10
[2026-09-03T05:07:14.873Z] [SKU 16/36] DDR4 32GB 3200MT/s ECC RDIMM - Status: SUCCESS - Avg: $47.89 (Range: $43.00 - $50.99) - Items: 10
[2026-09-03T05:07:15.875Z] [SKU 17/36] DDR4 64GB 2133MT/s ECC RDIMM - Status: SUCCESS - Avg: $104.52 (Range: $52.49 - $219.99) - Items: 10
[2026-09-03T05:07:17.005Z] [SKU 18/36] DDR4 64GB 2400MT/s ECC RDIMM - Status: SUCCESS - Avg: $86.13 (Range: $66.15 - $200.00) - Items: 10
[2026-09-03T05:07:18.078Z] [SKU 19/36] DDR4 64GB 2666MT/s ECC RDIMM - Status: SUCCESS - Avg: $80.07 (Range: $31.24 - $150.00) - Items: 10
[2026-09-03T05:07:19.179Z] [SKU 20/36] DDR4 64GB 2933MT/s ECC RDIMM - Status: SUCCESS - Avg: $106.36 (Range: $80.00 - $273.75) - Items: 10
[2026-09-03T05:07:20.292Z] [SKU 21/36] DDR4 64GB 3200MT/s ECC RDIMM - Status: SUCCESS - Avg: $111.73 (Range: $90.39 - $244.97) - Items: 10
[2026-09-03T05:07:21.368Z] [SKU 22/36] DDR4 128GB 2666MT/s ECC RDIMM - Status: SUCCESS - Avg: $295.07 (Range: $80.00 - $759.00) - Items: 10
[2026-09-03T05:07:22.398Z] [SKU 23/36] DDR4 128GB 2933MT/s ECC RDIMM - Status: SUCCESS - Avg: $531.95 (Range: $189.75 - $859.99) - Items: 10
[2026-09-03T05:07:23.458Z] [SKU 24/36] DDR4 128GB 3200MT/s ECC RDIMM - Status: SUCCESS - Avg: $426.98 (Range: $89.00 - $999.99) - Items: 10
[2026-09-03T05:07:24.514Z] [SKU 25/36] DDR5 16GB 4800MT/s ECC RDIMM - Status: SUCCESS - Avg: $41.57 (Range: $40.64 - $42.79) - Items: 10
[2026-09-03T05:07:25.546Z] [SKU 26/36] DDR5 16GB 5600MT/s ECC RDIMM - Status: SUCCESS - Avg: $53.64 (Range: $48.99 - $56.25) - Items: 10
[2026-09-03T05:07:26.644Z] [SKU 27/36] DDR5 32GB 4800MT/s ECC RDIMM - Status: SUCCESS - Avg: $68.37 (Range: $66.25 - $70.45) - Items: 10
[2026-09-03T05:07:27.660Z] [SKU 28/36] DDR5 32GB 5600MT/s ECC RDIMM - Status: SUCCESS - Avg: $85.86 (Range: $82.92 - $88.46) - Items: 10
[2026-09-03T05:07:28.719Z] [SKU 29/36] DDR5 48GB 5600MT/s ECC RDIMM - Status: SUCCESS - Avg: $130.48 (Range: $126.45 - $132.14) - Items: 4
[2026-09-03T05:07:29.734Z] [SKU 30/36] DDR5 64GB 4800MT/s ECC RDIMM - Status: SUCCESS - Avg: $131.73 (Range: $128.57 - $133.27) - Items: 10
[2026-09-03T05:07:30.761Z] [SKU 31/36] DDR5 64GB 5600MT/s ECC RDIMM - Status: SUCCESS - Avg: $161.43 (Range: $157.14 - $165.44) - Items: 10
[2026-09-03T05:07:31.837Z] [SKU 32/36] DDR5 64GB 6400MT/s ECC RDIMM - Status: SUCCESS - Avg: $194.77 (Range: $190.56 - $200.00) - Items: 10
[2026-09-03T05:07:32.874Z] [SKU 33/36] DDR5 96GB 5600MT/s ECC RDIMM - Status: SUCCESS - Avg: $339.52 (Range: $318.75 - $355.44) - Items: 10
[2026-09-03T05:07:33.930Z] [SKU 34/36] DDR5 128GB 4800MT/s ECC RDIMM - Status: SUCCESS - Avg: $3807.90 (Range: $975.00 - $5079.00) - Items: 10
[2026-09-03T05:07:35.290Z] [SKU 35/36] DDR5 128GB 5600MT/s ECC RDIMM - Status: SUCCESS - Avg: $3587.21 (Range: $999.98 - $4999.00) - Items: 8
[2026-09-03T05:07:36.338Z] [SKU 36/36] DDR5 256GB 4800MT/s ECC RDIMM - Status: SUCCESS - Avg: $6324.00 (Range: $1930.00 - $9495.00) - Items: 5
[2026-09-03T05:07:36.857Z] === SYNC FINISHED - Total SKUs: 36, Success: 36, Failed: 0 - Source: eBay Production API - Overall: SUCCESS ===
[2026-09-03T07:23:39.833Z] === SYNC STARTED: Querying secondary server memory market data (36 SKUs) ===
[2026-09-03T07:23:40.160Z] Authenticated with eBay Production API. Processing 36 SKUs...
[2026-09-03T07:23:40.785Z] [SKU 1/36] DDR3 16GB 1333MT/s ECC RDIMM - Status: SUCCESS - Avg: $15.85 (Range: $10.00 - $20.00) - Items: 10
[2026-09-03T07:23:41.908Z] [SKU 2/36] DDR3 16GB 1600MT/s ECC RDIMM - Status: SUCCESS - Avg: $17.66 (Range: $12.63 - $37.25) - Items: 10
[2026-09-03T07:23:42.938Z] [SKU 3/36] DDR3 16GB 1866MT/s ECC RDIMM - Status: SUCCESS - Avg: $24.14 (Range: $14.00 - $46.99) - Items: 10
[2026-09-03T07:23:44.065Z] [SKU 4/36] DDR3 32GB 1333MT/s ECC RDIMM - Status: SUCCESS - Avg: $29.43 (Range: $6.13 - $60.00) - Items: 10
[2026-09-03T07:23:45.111Z] [SKU 5/36] DDR3 32GB 1600MT/s ECC RDIMM - Status: SUCCESS - Avg: $39.80 (Range: $16.50 - $60.00) - Items: 10
[2026-09-03T07:23:46.254Z] [SKU 6/36] DDR3 32GB 1866MT/s ECC RDIMM - Status: SUCCESS - Avg: $36.18 (Range: $19.38 - $90.00) - Items: 10
[2026-09-03T07:23:47.346Z] [SKU 7/36] DDR4 16GB 2133MT/s ECC RDIMM - Status: SUCCESS - Avg: $30.33 (Range: $17.00 - $55.00) - Items: 10
[2026-09-03T07:23:48.450Z] [SKU 8/36] DDR4 16GB 2400MT/s ECC RDIMM - Status: SUCCESS - Avg: $19.32 (Range: $17.50 - $21.67) - Items: 10
[2026-09-03T07:23:49.558Z] [SKU 9/36] DDR4 16GB 2666MT/s ECC RDIMM - Status: SUCCESS - Avg: $43.25 (Range: $23.37 - $74.99) - Items: 10
[2026-09-03T07:23:50.645Z] [SKU 10/36] DDR4 16GB 2933MT/s ECC RDIMM - Status: SUCCESS - Avg: $54.35 (Range: $23.75 - $80.00) - Items: 10
[2026-09-03T07:23:51.752Z] [SKU 11/36] DDR4 16GB 3200MT/s ECC RDIMM - Status: SUCCESS - Avg: $39.34 (Range: $27.49 - $89.99) - Items: 10
[2026-09-03T07:23:52.815Z] [SKU 12/36] DDR4 32GB 2133MT/s ECC RDIMM - Status: SUCCESS - Avg: $36.99 (Range: $27.25 - $67.47) - Items: 10
[2026-09-03T07:23:54.279Z] [SKU 13/36] DDR4 32GB 2400MT/s ECC RDIMM - Status: SUCCESS - Avg: $46.11 (Range: $33.80 - $114.99) - Items: 10
[2026-09-03T07:23:55.341Z] [SKU 14/36] DDR4 32GB 2666MT/s ECC RDIMM - Status: SUCCESS - Avg: $87.68 (Range: $41.00 - $135.82) - Items: 10
[2026-09-03T07:23:56.692Z] [SKU 15/36] DDR4 32GB 2933MT/s ECC RDIMM - Status: SUCCESS - Avg: $45.64 (Range: $41.60 - $48.75) - Items: 10
[2026-09-03T07:23:57.689Z] [SKU 16/36] DDR4 32GB 3200MT/s ECC RDIMM - Status: SUCCESS - Avg: $47.89 (Range: $43.00 - $50.99) - Items: 10
[2026-09-03T07:23:58.726Z] [SKU 17/36] DDR4 64GB 2133MT/s ECC RDIMM - Status: SUCCESS - Avg: $104.34 (Range: $52.49 - $219.99) - Items: 10
[2026-09-03T07:23:59.761Z] [SKU 18/36] DDR4 64GB 2400MT/s ECC RDIMM - Status: SUCCESS - Avg: $96.01 (Range: $66.15 - $200.00) - Items: 10
[2026-09-03T07:24:00.799Z] [SKU 19/36] DDR4 64GB 2666MT/s ECC RDIMM - Status: SUCCESS - Avg: $80.07 (Range: $31.24 - $150.00) - Items: 10
[2026-09-03T07:24:01.858Z] [SKU 20/36] DDR4 64GB 2933MT/s ECC RDIMM - Status: SUCCESS - Avg: $125.56 (Range: $80.00 - $279.99) - Items: 10
[2026-09-03T07:24:02.892Z] [SKU 21/36] DDR4 64GB 3200MT/s ECC RDIMM - Status: SUCCESS - Avg: $112.05 (Range: $90.39 - $244.97) - Items: 10
[2026-09-03T07:24:04.004Z] [SKU 22/36] DDR4 128GB 2666MT/s ECC RDIMM - Status: SUCCESS - Avg: $295.07 (Range: $80.00 - $759.00) - Items: 10
[2026-09-03T07:24:05.100Z] [SKU 23/36] DDR4 128GB 2933MT/s ECC RDIMM - Status: SUCCESS - Avg: $531.95 (Range: $189.75 - $859.99) - Items: 10
[2026-09-03T07:24:06.182Z] [SKU 24/36] DDR4 128GB 3200MT/s ECC RDIMM - Status: SUCCESS - Avg: $426.98 (Range: $89.00 - $999.99) - Items: 10
[2026-09-03T07:24:07.222Z] [SKU 25/36] DDR5 16GB 4800MT/s ECC RDIMM - Status: SUCCESS - Avg: $41.47 (Range: $40.45 - $42.79) - Items: 10
[2026-09-03T07:24:08.330Z] [SKU 26/36] DDR5 16GB 5600MT/s ECC RDIMM - Status: SUCCESS - Avg: $53.64 (Range: $48.99 - $56.25) - Items: 10
[2026-09-03T07:24:09.416Z] [SKU 27/36] DDR5 32GB 4800MT/s ECC RDIMM - Status: SUCCESS - Avg: $68.60 (Range: $66.25 - $70.45) - Items: 10
[2026-09-03T07:24:10.497Z] [SKU 28/36] DDR5 32GB 5600MT/s ECC RDIMM - Status: SUCCESS - Avg: $85.86 (Range: $82.92 - $88.46) - Items: 10
[2026-09-03T07:24:11.552Z] [SKU 29/36] DDR5 48GB 5600MT/s ECC RDIMM - Status: SUCCESS - Avg: $130.48 (Range: $126.45 - $132.14) - Items: 4
[2026-09-03T07:24:12.618Z] [SKU 30/36] DDR5 64GB 4800MT/s ECC RDIMM - Status: SUCCESS - Avg: $131.73 (Range: $128.57 - $133.27) - Items: 10
[2026-09-03T07:24:13.636Z] [SKU 31/36] DDR5 64GB 5600MT/s ECC RDIMM - Status: SUCCESS - Avg: $161.11 (Range: $157.14 - $164.65) - Items: 10
[2026-09-03T07:24:14.764Z] [SKU 32/36] DDR5 64GB 6400MT/s ECC RDIMM - Status: SUCCESS - Avg: $194.77 (Range: $190.56 - $200.00) - Items: 10
[2026-09-03T07:24:15.829Z] [SKU 33/36] DDR5 96GB 5600MT/s ECC RDIMM - Status: SUCCESS - Avg: $339.52 (Range: $318.75 - $355.44) - Items: 10
[2026-09-03T07:24:16.890Z] [SKU 34/36] DDR5 128GB 4800MT/s ECC RDIMM - Status: SUCCESS - Avg: $3807.90 (Range: $975.00 - $5079.00) - Items: 10
[2026-09-03T07:24:18.039Z] [SKU 35/36] DDR5 128GB 5600MT/s ECC RDIMM - Status: SUCCESS - Avg: $3587.21 (Range: $999.98 - $4999.00) - Items: 8
[2026-09-03T07:24:19.085Z] [SKU 36/36] DDR5 256GB 4800MT/s ECC RDIMM - Status: SUCCESS - Avg: $6324.00 (Range: $1930.00 - $9495.00) - Items: 5
[2026-09-03T07:24:19.609Z] === SYNC FINISHED - Total SKUs: 36, Success: 36, Failed: 0 - Source: eBay Production API - Overall: SUCCESS ===
[2026-09-03T07:38:38.737Z] === SYNC STARTED: Querying secondary server memory market data (36 SKUs) ===
[2026-09-03T07:38:39.169Z] Authenticated with eBay Production API. Processing 36 SKUs...
[2026-09-03T07:38:39.774Z] [SKU 1/36] DDR3 16GB 1333MT/s ECC RDIMM - Status: SUCCESS - Avg: $15.85 (Range: $10.00 - $20.00) - Items: 10
[2026-09-03T07:38:40.926Z] [SKU 2/36] DDR3 16GB 1600MT/s ECC RDIMM - Status: SUCCESS - Avg: $17.66 (Range: $12.63 - $37.25) - Items: 10
[2026-09-03T07:38:41.999Z] [SKU 3/36] DDR3 16GB 1866MT/s ECC RDIMM - Status: SUCCESS - Avg: $24.14 (Range: $14.00 - $46.99) - Items: 10
[2026-09-03T07:38:43.090Z] [SKU 4/36] DDR3 32GB 1333MT/s ECC RDIMM - Status: SUCCESS - Avg: $29.43 (Range: $6.13 - $60.00) - Items: 10
[2026-09-03T07:38:44.159Z] [SKU 5/36] DDR3 32GB 1600MT/s ECC RDIMM - Status: SUCCESS - Avg: $39.80 (Range: $16.50 - $60.00) - Items: 10
[2026-09-03T07:38:45.175Z] [SKU 6/36] DDR3 32GB 1866MT/s ECC RDIMM - Status: SUCCESS - Avg: $36.18 (Range: $19.38 - $90.00) - Items: 10
[2026-09-03T07:38:46.326Z] [SKU 7/36] DDR4 16GB 2133MT/s ECC RDIMM - Status: SUCCESS - Avg: $30.33 (Range: $17.00 - $55.00) - Items: 10
[2026-09-03T07:38:47.417Z] [SKU 8/36] DDR4 16GB 2400MT/s ECC RDIMM - Status: SUCCESS - Avg: $19.32 (Range: $17.50 - $21.67) - Items: 10
[2026-09-03T07:38:48.810Z] [SKU 9/36] DDR4 16GB 2666MT/s ECC RDIMM - Status: SUCCESS - Avg: $43.25 (Range: $23.37 - $74.99) - Items: 10
[2026-09-03T07:38:49.936Z] [SKU 10/36] DDR4 16GB 2933MT/s ECC RDIMM - Status: SUCCESS - Avg: $54.35 (Range: $23.75 - $80.00) - Items: 10
[2026-09-03T07:38:51.002Z] [SKU 11/36] DDR4 16GB 3200MT/s ECC RDIMM - Status: SUCCESS - Avg: $39.34 (Range: $27.49 - $89.99) - Items: 10
[2026-09-03T07:38:52.294Z] [SKU 12/36] DDR4 32GB 2133MT/s ECC RDIMM - Status: SUCCESS - Avg: $36.99 (Range: $27.25 - $67.47) - Items: 10
[2026-09-03T07:38:53.356Z] [SKU 13/36] DDR4 32GB 2400MT/s ECC RDIMM - Status: SUCCESS - Avg: $46.11 (Range: $33.80 - $114.99) - Items: 10
[2026-09-03T07:38:54.450Z] [SKU 14/36] DDR4 32GB 2666MT/s ECC RDIMM - Status: SUCCESS - Avg: $87.68 (Range: $41.00 - $135.82) - Items: 10
[2026-09-03T07:38:55.500Z] [SKU 15/36] DDR4 32GB 2933MT/s ECC RDIMM - Status: SUCCESS - Avg: $45.64 (Range: $41.60 - $48.75) - Items: 10
[2026-09-03T07:38:56.522Z] [SKU 16/36] DDR4 32GB 3200MT/s ECC RDIMM - Status: SUCCESS - Avg: $47.89 (Range: $43.00 - $50.99) - Items: 10
[2026-09-03T07:38:57.523Z] [SKU 17/36] DDR4 64GB 2133MT/s ECC RDIMM - Status: SUCCESS - Avg: $104.34 (Range: $52.49 - $219.99) - Items: 10
[2026-09-03T07:38:58.559Z] [SKU 18/36] DDR4 64GB 2400MT/s ECC RDIMM - Status: SUCCESS - Avg: $96.01 (Range: $66.15 - $200.00) - Items: 10
[2026-09-03T07:38:59.589Z] [SKU 19/36] DDR4 64GB 2666MT/s ECC RDIMM - Status: SUCCESS - Avg: $80.07 (Range: $31.24 - $150.00) - Items: 10
[2026-09-03T07:39:00.611Z] [SKU 20/36] DDR4 64GB 2933MT/s ECC RDIMM - Status: SUCCESS - Avg: $125.56 (Range: $80.00 - $279.99) - Items: 10
[2026-09-03T07:39:01.671Z] [SKU 21/36] DDR4 64GB 3200MT/s ECC RDIMM - Status: SUCCESS - Avg: $112.05 (Range: $90.39 - $244.97) - Items: 10
[2026-09-03T07:39:02.708Z] [SKU 22/36] DDR4 128GB 2666MT/s ECC RDIMM - Status: SUCCESS - Avg: $295.07 (Range: $80.00 - $759.00) - Items: 10
[2026-09-03T07:39:04.039Z] [SKU 23/36] DDR4 128GB 2933MT/s ECC RDIMM - Status: SUCCESS - Avg: $531.95 (Range: $189.75 - $859.99) - Items: 10
[2026-09-03T07:39:05.325Z] [SKU 24/36] DDR4 128GB 3200MT/s ECC RDIMM - Status: SUCCESS - Avg: $426.98 (Range: $89.00 - $999.99) - Items: 10
[2026-09-03T07:39:06.383Z] [SKU 25/36] DDR5 16GB 4800MT/s ECC RDIMM - Status: SUCCESS - Avg: $41.47 (Range: $40.45 - $42.79) - Items: 10
[2026-09-03T07:39:07.425Z] [SKU 26/36] DDR5 16GB 5600MT/s ECC RDIMM - Status: SUCCESS - Avg: $53.64 (Range: $48.99 - $56.25) - Items: 10
[2026-09-03T07:39:08.540Z] [SKU 27/36] DDR5 32GB 4800MT/s ECC RDIMM - Status: SUCCESS - Avg: $68.60 (Range: $66.25 - $70.45) - Items: 10
[2026-09-03T07:39:09.643Z] [SKU 28/36] DDR5 32GB 5600MT/s ECC RDIMM - Status: SUCCESS - Avg: $85.86 (Range: $82.92 - $88.46) - Items: 10
[2026-09-03T07:39:10.993Z] [SKU 29/36] DDR5 48GB 5600MT/s ECC RDIMM - Status: SUCCESS - Avg: $130.48 (Range: $126.45 - $132.14) - Items: 4
[2026-09-03T07:39:12.027Z] [SKU 30/36] DDR5 64GB 4800MT/s ECC RDIMM - Status: SUCCESS - Avg: $131.73 (Range: $128.57 - $133.27) - Items: 10
[2026-09-03T07:39:13.027Z] [SKU 31/36] DDR5 64GB 5600MT/s ECC RDIMM - Status: SUCCESS - Avg: $161.11 (Range: $157.14 - $164.65) - Items: 10
[2026-09-03T07:39:14.079Z] [SKU 32/36] DDR5 64GB 6400MT/s ECC RDIMM - Status: SUCCESS - Avg: $194.77 (Range: $190.56 - $200.00) - Items: 10
[2026-09-03T07:39:15.175Z] [SKU 33/36] DDR5 96GB 5600MT/s ECC RDIMM - Status: SUCCESS - Avg: $339.52 (Range: $318.75 - $355.44) - Items: 10
[2026-09-03T07:39:16.217Z] [SKU 34/36] DDR5 128GB 4800MT/s ECC RDIMM - Status: SUCCESS - Avg: $3807.90 (Range: $975.00 - $5079.00) - Items: 10
[2026-09-03T07:39:17.203Z] [SKU 35/36] DDR5 128GB 5600MT/s ECC RDIMM - Status: SUCCESS - Avg: $3587.21 (Range: $999.98 - $4999.00) - Items: 8
[2026-09-03T07:39:18.281Z] [SKU 36/36] DDR5 256GB 4800MT/s ECC RDIMM - Status: SUCCESS - Avg: $6324.00 (Range: $1930.00 - $9495.00) - Items: 5
[2026-09-03T07:39:18.802Z] === SYNC FINISHED - Total SKUs: 36, Success: 36, Failed: 0 - Source: eBay Production API - Overall: SUCCESS ===
[2026-09-03T08:37:51.013Z] === SYNC STARTED: Querying secondary server memory market data (36 SKUs) ===
[2026-09-03T08:37:51.359Z] Authenticated with eBay Production API. Processing 36 SKUs...
[2026-09-03T08:37:51.997Z] [SKU 1/36] DDR3 16GB 1333MT/s ECC RDIMM - Status: SUCCESS - Avg: $15.01 (Range: $10.00 - $20.00) - Items: 10
[2026-09-03T08:37:53.388Z] [SKU 2/36] DDR3 16GB 1600MT/s ECC RDIMM - Status: SUCCESS - Avg: $15.43 (Range: $12.63 - $20.00) - Items: 10
[2026-09-03T08:37:54.470Z] [SKU 3/36] DDR3 16GB 1866MT/s ECC RDIMM - Status: SUCCESS - Avg: $24.14 (Range: $14.00 - $46.99) - Items: 10
[2026-09-03T08:37:55.570Z] [SKU 4/36] DDR3 32GB 1333MT/s ECC RDIMM - Status: SUCCESS - Avg: $29.43 (Range: $6.13 - $60.00) - Items: 10
[2026-09-03T08:37:56.607Z] [SKU 5/36] DDR3 32GB 1600MT/s ECC RDIMM - Status: SUCCESS - Avg: $39.80 (Range: $16.50 - $60.00) - Items: 10
[2026-09-03T08:37:57.640Z] [SKU 6/36] DDR3 32GB 1866MT/s ECC RDIMM - Status: SUCCESS - Avg: $36.18 (Range: $19.38 - $90.00) - Items: 10
[2026-09-03T08:37:58.721Z] [SKU 7/36] DDR4 16GB 2133MT/s ECC RDIMM - Status: SUCCESS - Avg: $30.33 (Range: $17.00 - $55.00) - Items: 10
[2026-09-03T08:37:59.806Z] [SKU 8/36] DDR4 16GB 2400MT/s ECC RDIMM - Status: SUCCESS - Avg: $19.05 (Range: $17.50 - $21.67) - Items: 10
[2026-09-03T08:38:00.828Z] [SKU 9/36] DDR4 16GB 2666MT/s ECC RDIMM - Status: SUCCESS - Avg: $38.75 (Range: $23.37 - $74.99) - Items: 10
[2026-09-03T08:38:02.002Z] [SKU 10/36] DDR4 16GB 2933MT/s ECC RDIMM - Status: SUCCESS - Avg: $54.45 (Range: $23.75 - $80.00) - Items: 10
[2026-09-03T08:38:03.096Z] [SKU 11/36] DDR4 16GB 3200MT/s ECC RDIMM - Status: SUCCESS - Avg: $39.34 (Range: $27.49 - $89.99) - Items: 10
[2026-09-03T08:38:04.211Z] [SKU 12/36] DDR4 32GB 2133MT/s ECC RDIMM - Status: SUCCESS - Avg: $36.99 (Range: $27.25 - $67.47) - Items: 10
[2026-09-03T08:38:05.304Z] [SKU 13/36] DDR4 32GB 2400MT/s ECC RDIMM - Status: SUCCESS - Avg: $46.51 (Range: $33.80 - $114.99) - Items: 10
[2026-09-03T08:38:06.369Z] [SKU 14/36] DDR4 32GB 2666MT/s ECC RDIMM - Status: SUCCESS - Avg: $87.68 (Range: $41.00 - $135.82) - Items: 10
[2026-09-03T08:38:07.405Z] [SKU 15/36] DDR4 32GB 2933MT/s ECC RDIMM - Status: SUCCESS - Avg: $45.11 (Range: $41.60 - $48.75) - Items: 10
[2026-09-03T08:38:08.454Z] [SKU 16/36] DDR4 32GB 3200MT/s ECC RDIMM - Status: SUCCESS - Avg: $47.89 (Range: $43.00 - $50.99) - Items: 10
[2026-09-03T08:38:09.484Z] [SKU 17/36] DDR4 64GB 2133MT/s ECC RDIMM - Status: SUCCESS - Avg: $103.78 (Range: $52.49 - $219.99) - Items: 10
[2026-09-03T08:38:10.541Z] [SKU 18/36] DDR4 64GB 2400MT/s ECC RDIMM - Status: SUCCESS - Avg: $86.13 (Range: $66.15 - $200.00) - Items: 10
[2026-09-03T08:38:11.559Z] [SKU 19/36] DDR4 64GB 2666MT/s ECC RDIMM - Status: SUCCESS - Avg: $81.47 (Range: $31.24 - $150.00) - Items: 10
[2026-09-03T08:38:12.614Z] [SKU 20/36] DDR4 64GB 2933MT/s ECC RDIMM - Status: SUCCESS - Avg: $125.56 (Range: $80.00 - $279.99) - Items: 10
[2026-09-03T08:38:13.698Z] [SKU 21/36] DDR4 64GB 3200MT/s ECC RDIMM - Status: SUCCESS - Avg: $111.37 (Range: $90.39 - $244.97) - Items: 10
[2026-09-03T08:38:14.787Z] [SKU 22/36] DDR4 128GB 2666MT/s ECC RDIMM - Status: SUCCESS - Avg: $295.07 (Range: $80.00 - $759.00) - Items: 10
[2026-09-03T08:38:15.821Z] [SKU 23/36] DDR4 128GB 2933MT/s ECC RDIMM - Status: SUCCESS - Avg: $531.95 (Range: $189.75 - $859.99) - Items: 10
[2026-09-03T08:38:16.915Z] [SKU 24/36] DDR4 128GB 3200MT/s ECC RDIMM - Status: SUCCESS - Avg: $426.98 (Range: $89.00 - $999.99) - Items: 10
[2026-09-03T08:38:17.924Z] [SKU 25/36] DDR5 16GB 4800MT/s ECC RDIMM - Status: SUCCESS - Avg: $41.31 (Range: $40.45 - $42.03) - Items: 10
[2026-09-03T08:38:18.941Z] [SKU 26/36] DDR5 16GB 5600MT/s ECC RDIMM - Status: SUCCESS - Avg: $53.64 (Range: $48.99 - $56.25) - Items: 10
[2026-09-03T08:38:20.006Z] [SKU 27/36] DDR5 32GB 4800MT/s ECC RDIMM - Status: SUCCESS - Avg: $68.37 (Range: $66.25 - $70.45) - Items: 10
[2026-09-03T08:38:21.024Z] [SKU 28/36] DDR5 32GB 5600MT/s ECC RDIMM - Status: SUCCESS - Avg: $86.02 (Range: $82.92 - $88.46) - Items: 10
[2026-09-03T08:38:22.100Z] [SKU 29/36] DDR5 48GB 5600MT/s ECC RDIMM - Status: SUCCESS - Avg: $130.48 (Range: $126.45 - $132.14) - Items: 4
[2026-09-03T08:38:23.109Z] [SKU 30/36] DDR5 64GB 4800MT/s ECC RDIMM - Status: SUCCESS - Avg: $131.73 (Range: $128.57 - $133.27) - Items: 10
[2026-09-03T08:38:24.208Z] [SKU 31/36] DDR5 64GB 5600MT/s ECC RDIMM - Status: SUCCESS - Avg: $161.11 (Range: $157.14 - $164.65) - Items: 10
[2026-09-03T08:38:25.229Z] [SKU 32/36] DDR5 64GB 6400MT/s ECC RDIMM - Status: SUCCESS - Avg: $194.77 (Range: $190.56 - $200.00) - Items: 10
[2026-09-03T08:38:26.409Z] [SKU 33/36] DDR5 96GB 5600MT/s ECC RDIMM - Status: SUCCESS - Avg: $339.52 (Range: $318.75 - $355.44) - Items: 10
[2026-09-03T08:38:27.505Z] [SKU 34/36] DDR5 128GB 4800MT/s ECC RDIMM - Status: SUCCESS - Avg: $3807.90 (Range: $975.00 - $5079.00) - Items: 10
[2026-09-03T08:38:28.533Z] [SKU 35/36] DDR5 128GB 5600MT/s ECC RDIMM - Status: SUCCESS - Avg: $3587.21 (Range: $999.98 - $4999.00) - Items: 8
[2026-09-03T08:38:29.574Z] [SKU 36/36] DDR5 256GB 4800MT/s ECC RDIMM - Status: SUCCESS - Avg: $6324.00 (Range: $1930.00 - $9495.00) - Items: 5
[2026-09-03T08:38:30.095Z] === SYNC FINISHED - Total SKUs: 36, Success: 36, Failed: 0 - Source: eBay Production API - Overall: SUCCESS ===
[2026-09-03T08:49:38.933Z] === SYNC STARTED: Querying secondary server memory market data (36 SKUs) ===
[2026-09-03T08:49:39.604Z] Authenticated with eBay Production API. Processing 36 SKUs...
[2026-09-03T08:49:40.274Z] [SKU 1/36] DDR3 16GB 1333MT/s ECC RDIMM - Status: SUCCESS - Avg: $15.01 (Range: $10.00 - $20.00) - Items: 10
[2026-09-03T08:49:41.326Z] [SKU 2/36] DDR3 16GB 1600MT/s ECC RDIMM - Status: SUCCESS - Avg: $15.43 (Range: $12.63 - $20.00) - Items: 10
[2026-09-03T08:49:42.433Z] [SKU 3/36] DDR3 16GB 1866MT/s ECC RDIMM - Status: SUCCESS - Avg: $24.14 (Range: $14.00 - $46.99) - Items: 10
[2026-09-03T08:49:43.498Z] [SKU 4/36] DDR3 32GB 1333MT/s ECC RDIMM - Status: SUCCESS - Avg: $29.43 (Range: $6.13 - $60.00) - Items: 10
[2026-09-03T08:49:44.686Z] [SKU 5/36] DDR3 32GB 1600MT/s ECC RDIMM - Status: SUCCESS - Avg: $39.80 (Range: $16.50 - $60.00) - Items: 10
[2026-09-03T08:49:45.763Z] [SKU 6/36] DDR3 32GB 1866MT/s ECC RDIMM - Status: SUCCESS - Avg: $36.18 (Range: $19.38 - $90.00) - Items: 10
[2026-09-03T08:49:46.911Z] [SKU 7/36] DDR4 16GB 2133MT/s ECC RDIMM - Status: SUCCESS - Avg: $30.33 (Range: $17.00 - $55.00) - Items: 10
[2026-09-03T08:49:47.959Z] [SKU 8/36] DDR4 16GB 2400MT/s ECC RDIMM - Status: SUCCESS - Avg: $19.05 (Range: $17.50 - $21.67) - Items: 10
[2026-09-03T08:49:49.086Z] [SKU 9/36] DDR4 16GB 2666MT/s ECC RDIMM - Status: SUCCESS - Avg: $38.75 (Range: $23.37 - $74.99) - Items: 10
[2026-09-03T08:49:50.134Z] [SKU 10/36] DDR4 16GB 2933MT/s ECC RDIMM - Status: SUCCESS - Avg: $54.45 (Range: $23.75 - $80.00) - Items: 10
[2026-09-03T08:49:51.244Z] [SKU 11/36] DDR4 16GB 3200MT/s ECC RDIMM - Status: SUCCESS - Avg: $39.34 (Range: $27.49 - $89.99) - Items: 10
[2026-09-03T08:49:52.278Z] [SKU 12/36] DDR4 32GB 2133MT/s ECC RDIMM - Status: SUCCESS - Avg: $36.99 (Range: $27.25 - $67.47) - Items: 10
[2026-09-03T08:49:53.336Z] [SKU 13/36] DDR4 32GB 2400MT/s ECC RDIMM - Status: SUCCESS - Avg: $38.41 (Range: $33.80 - $43.66) - Items: 10
[2026-09-03T08:49:54.388Z] [SKU 14/36] DDR4 32GB 2666MT/s ECC RDIMM - Status: SUCCESS - Avg: $87.68 (Range: $41.00 - $135.82) - Items: 10
[2026-09-03T08:49:55.400Z] [SKU 15/36] DDR4 32GB 2933MT/s ECC RDIMM - Status: SUCCESS - Avg: $45.11 (Range: $41.60 - $48.75) - Items: 10
[2026-09-03T08:49:56.433Z] [SKU 16/36] DDR4 32GB 3200MT/s ECC RDIMM - Status: SUCCESS - Avg: $47.89 (Range: $43.00 - $50.99) - Items: 10
[2026-09-03T08:49:57.424Z] [SKU 17/36] DDR4 64GB 2133MT/s ECC RDIMM - Status: SUCCESS - Avg: $104.34 (Range: $52.49 - $219.99) - Items: 10
[2026-09-03T08:49:58.469Z] [SKU 18/36] DDR4 64GB 2400MT/s ECC RDIMM - Status: SUCCESS - Avg: $86.13 (Range: $66.15 - $200.00) - Items: 10
[2026-09-03T08:49:59.468Z] [SKU 19/36] DDR4 64GB 2666MT/s ECC RDIMM - Status: SUCCESS - Avg: $81.47 (Range: $31.24 - $150.00) - Items: 10
[2026-09-03T08:50:00.512Z] [SKU 20/36] DDR4 64GB 2933MT/s ECC RDIMM - Status: SUCCESS - Avg: $125.56 (Range: $80.00 - $279.99) - Items: 10
[2026-09-03T08:50:01.586Z] [SKU 21/36] DDR4 64GB 3200MT/s ECC RDIMM - Status: SUCCESS - Avg: $111.37 (Range: $90.39 - $244.97) - Items: 10
[2026-09-03T08:50:02.656Z] [SKU 22/36] DDR4 128GB 2666MT/s ECC RDIMM - Status: SUCCESS - Avg: $295.07 (Range: $80.00 - $759.00) - Items: 10
[2026-09-03T08:50:03.712Z] [SKU 23/36] DDR4 128GB 2933MT/s ECC RDIMM - Status: SUCCESS - Avg: $531.95 (Range: $189.75 - $859.99) - Items: 10
[2026-09-03T08:50:04.759Z] [SKU 24/36] DDR4 128GB 3200MT/s ECC RDIMM - Status: SUCCESS - Avg: $426.98 (Range: $89.00 - $999.99) - Items: 10
[2026-09-03T08:50:05.912Z] [SKU 25/36] DDR5 16GB 4800MT/s ECC RDIMM - Status: SUCCESS - Avg: $41.31 (Range: $40.45 - $42.03) - Items: 10
[2026-09-03T08:50:06.979Z] [SKU 26/36] DDR5 16GB 5600MT/s ECC RDIMM - Status: SUCCESS - Avg: $53.64 (Range: $48.99 - $56.25) - Items: 10
[2026-09-03T08:50:08.117Z] [SKU 27/36] DDR5 32GB 4800MT/s ECC RDIMM - Status: SUCCESS - Avg: $68.37 (Range: $66.25 - $70.45) - Items: 10
[2026-09-03T08:50:09.236Z] [SKU 28/36] DDR5 32GB 5600MT/s ECC RDIMM - Status: SUCCESS - Avg: $86.02 (Range: $82.92 - $88.46) - Items: 10
[2026-09-03T08:50:10.288Z] [SKU 29/36] DDR5 48GB 5600MT/s ECC RDIMM - Status: SUCCESS - Avg: $130.48 (Range: $126.45 - $132.14) - Items: 4
[2026-09-03T08:50:11.368Z] [SKU 30/36] DDR5 64GB 4800MT/s ECC RDIMM - Status: SUCCESS - Avg: $131.73 (Range: $128.57 - $133.27) - Items: 10
[2026-09-03T08:50:12.362Z] [SKU 31/36] DDR5 64GB 5600MT/s ECC RDIMM - Status: SUCCESS - Avg: $161.11 (Range: $157.14 - $164.65) - Items: 10
[2026-09-03T08:50:13.377Z] [SKU 32/36] DDR5 64GB 6400MT/s ECC RDIMM - Status: SUCCESS - Avg: $194.77 (Range: $190.56 - $200.00) - Items: 10
[2026-09-03T08:50:14.453Z] [SKU 33/36] DDR5 96GB 5600MT/s ECC RDIMM - Status: SUCCESS - Avg: $339.52 (Range: $318.75 - $355.44) - Items: 10
[2026-09-03T08:50:15.483Z] [SKU 34/36] DDR5 128GB 4800MT/s ECC RDIMM - Status: SUCCESS - Avg: $3807.90 (Range: $975.00 - $5079.00) - Items: 10
[2026-09-03T08:50:16.513Z] [SKU 35/36] DDR5 128GB 5600MT/s ECC RDIMM - Status: SUCCESS - Avg: $3587.21 (Range: $999.98 - $4999.00) - Items: 8
[2026-09-03T08:50:17.598Z] [SKU 36/36] DDR5 256GB 4800MT/s ECC RDIMM - Status: SUCCESS - Avg: $6324.00 (Range: $1930.00 - $9495.00) - Items: 5
[2026-09-03T08:50:18.117Z] === SYNC FINISHED - Total SKUs: 36, Success: 36, Failed: 0 - Source: eBay Production API - Overall: SUCCESS ===
[2026-09-03T09:28:41.010Z] === SYNC STARTED: Querying secondary server memory market data (36 SKUs) ===
[2026-09-03T09:28:41.323Z] Authenticated with eBay Production API. Processing 36 SKUs...
[2026-09-03T09:28:41.985Z] [SKU 1/36] DDR3 16GB 1333MT/s ECC RDIMM - Status: SUCCESS - Avg: $15.80 (Range: $10.00 - $20.00) - Items: 10
[2026-09-03T09:28:43.224Z] [SKU 2/36] DDR3 16GB 1600MT/s ECC RDIMM - Status: SUCCESS - Avg: $17.66 (Range: $12.63 - $37.25) - Items: 10
[2026-09-03T09:28:44.386Z] [SKU 3/36] DDR3 16GB 1866MT/s ECC RDIMM - Status: SUCCESS - Avg: $24.14 (Range: $14.00 - $46.99) - Items: 10
[2026-09-03T09:28:45.498Z] [SKU 4/36] DDR3 32GB 1333MT/s ECC RDIMM - Status: SUCCESS - Avg: $29.43 (Range: $6.13 - $60.00) - Items: 10
[2026-09-03T09:28:46.596Z] [SKU 5/36] DDR3 32GB 1600MT/s ECC RDIMM - Status: SUCCESS - Avg: $39.80 (Range: $16.50 - $60.00) - Items: 10
[2026-09-03T09:28:47.677Z] [SKU 6/36] DDR3 32GB 1866MT/s ECC RDIMM - Status: SUCCESS - Avg: $36.18 (Range: $19.38 - $90.00) - Items: 10
[2026-09-03T09:28:48.774Z] [SKU 7/36] DDR4 16GB 2133MT/s ECC RDIMM - Status: SUCCESS - Avg: $30.33 (Range: $17.00 - $55.00) - Items: 10
[2026-09-03T09:28:49.924Z] [SKU 8/36] DDR4 16GB 2400MT/s ECC RDIMM - Status: SUCCESS - Avg: $18.91 (Range: $17.49 - $21.67) - Items: 10
[2026-09-03T09:28:50.990Z] [SKU 9/36] DDR4 16GB 2666MT/s ECC RDIMM - Status: SUCCESS - Avg: $38.75 (Range: $23.37 - $74.99) - Items: 10
[2026-09-03T09:28:52.095Z] [SKU 10/36] DDR4 16GB 2933MT/s ECC RDIMM - Status: SUCCESS - Avg: $54.45 (Range: $23.75 - $80.00) - Items: 10
[2026-09-03T09:28:53.213Z] [SKU 11/36] DDR4 16GB 3200MT/s ECC RDIMM - Status: SUCCESS - Avg: $39.34 (Range: $27.49 - $89.99) - Items: 10
[2026-09-03T09:28:54.274Z] [SKU 12/36] DDR4 32GB 2133MT/s ECC RDIMM - Status: SUCCESS - Avg: $36.99 (Range: $27.25 - $67.47) - Items: 10
[2026-09-03T09:28:55.410Z] [SKU 13/36] DDR4 32GB 2400MT/s ECC RDIMM - Status: SUCCESS - Avg: $38.02 (Range: $33.80 - $43.33) - Items: 10
[2026-09-03T09:28:56.398Z] [SKU 14/36] DDR4 32GB 2666MT/s ECC RDIMM - Status: SUCCESS - Avg: $87.68 (Range: $41.00 - $135.82) - Items: 10
[2026-09-03T09:28:57.586Z] [SKU 15/36] DDR4 32GB 2933MT/s ECC RDIMM - Status: SUCCESS - Avg: $45.52 (Range: $41.60 - $48.75) - Items: 10
[2026-09-03T09:28:58.669Z] [SKU 16/36] DDR4 32GB 3200MT/s ECC RDIMM - Status: SUCCESS - Avg: $48.42 (Range: $44.14 - $50.99) - Items: 10
[2026-09-03T09:28:59.700Z] [SKU 17/36] DDR4 64GB 2133MT/s ECC RDIMM - Status: SUCCESS - Avg: $104.34 (Range: $52.49 - $219.99) - Items: 10
[2026-09-03T09:29:00.767Z] [SKU 18/36] DDR4 64GB 2400MT/s ECC RDIMM - Status: SUCCESS - Avg: $96.01 (Range: $66.15 - $200.00) - Items: 10
[2026-09-03T09:29:01.847Z] [SKU 19/36] DDR4 64GB 2666MT/s ECC RDIMM - Status: SUCCESS - Avg: $81.47 (Range: $31.24 - $150.00) - Items: 10
[2026-09-03T09:29:02.921Z] [SKU 20/36] DDR4 64GB 2933MT/s ECC RDIMM - Status: SUCCESS - Avg: $125.56 (Range: $80.00 - $279.99) - Items: 10
[2026-09-03T09:29:03.983Z] [SKU 21/36] DDR4 64GB 3200MT/s ECC RDIMM - Status: SUCCESS - Avg: $112.57 (Range: $90.39 - $244.97) - Items: 10
[2026-09-03T09:29:04.992Z] [SKU 22/36] DDR4 128GB 2666MT/s ECC RDIMM - Status: SUCCESS - Avg: $310.72 (Range: $80.00 - $759.00) - Items: 10
[2026-09-03T09:29:06.015Z] [SKU 23/36] DDR4 128GB 2933MT/s ECC RDIMM - Status: SUCCESS - Avg: $531.95 (Range: $189.75 - $859.99) - Items: 10
[2026-09-03T09:29:07.058Z] [SKU 24/36] DDR4 128GB 3200MT/s ECC RDIMM - Status: SUCCESS - Avg: $426.98 (Range: $89.00 - $999.99) - Items: 10
[2026-09-03T09:29:08.165Z] [SKU 25/36] DDR5 16GB 4800MT/s ECC RDIMM - Status: SUCCESS - Avg: $41.31 (Range: $40.45 - $42.03) - Items: 10
[2026-09-03T09:29:09.170Z] [SKU 26/36] DDR5 16GB 5600MT/s ECC RDIMM - Status: SUCCESS - Avg: $53.64 (Range: $48.99 - $56.25) - Items: 10
[2026-09-03T09:29:10.301Z] [SKU 27/36] DDR5 32GB 4800MT/s ECC RDIMM - Status: SUCCESS - Avg: $68.37 (Range: $66.25 - $70.45) - Items: 10
[2026-09-03T09:29:11.364Z] [SKU 28/36] DDR5 32GB 5600MT/s ECC RDIMM - Status: SUCCESS - Avg: $86.02 (Range: $82.92 - $88.46) - Items: 10
[2026-09-03T09:29:12.340Z] [SKU 29/36] DDR5 48GB 5600MT/s ECC RDIMM - Status: SUCCESS - Avg: $130.48 (Range: $126.45 - $132.14) - Items: 4
[2026-09-03T09:29:13.400Z] [SKU 30/36] DDR5 64GB 4800MT/s ECC RDIMM - Status: SUCCESS - Avg: $131.73 (Range: $128.57 - $133.27) - Items: 10
[2026-09-03T09:29:14.433Z] [SKU 31/36] DDR5 64GB 5600MT/s ECC RDIMM - Status: SUCCESS - Avg: $161.24 (Range: $157.14 - $165.44) - Items: 10
[2026-09-03T09:29:15.591Z] [SKU 32/36] DDR5 64GB 6400MT/s ECC RDIMM - Status: SUCCESS - Avg: $194.77 (Range: $190.56 - $200.00) - Items: 10
[2026-09-03T09:29:16.667Z] [SKU 33/36] DDR5 96GB 5600MT/s ECC RDIMM - Status: SUCCESS - Avg: $339.52 (Range: $318.75 - $355.44) - Items: 10
[2026-09-03T09:29:17.834Z] [SKU 34/36] DDR5 128GB 4800MT/s ECC RDIMM - Status: SUCCESS - Avg: $3807.90 (Range: $975.00 - $5079.00) - Items: 10
[2026-09-03T09:29:18.950Z] [SKU 35/36] DDR5 128GB 5600MT/s ECC RDIMM - Status: SUCCESS - Avg: $3587.21 (Range: $999.98 - $4999.00) - Items: 8
[2026-09-03T09:29:20.057Z] [SKU 36/36] DDR5 256GB 4800MT/s ECC RDIMM - Status: SUCCESS - Avg: $6324.00 (Range: $1930.00 - $9495.00) - Items: 5
[2026-09-03T09:29:52.724Z] === SYNC STARTED: Querying secondary server memory market data (36 SKUs) ===
[2026-09-03T09:29:53.020Z] Authenticated with eBay Production API. Processing 36 SKUs...
[2026-09-03T09:29:53.670Z] [SKU 1/36] DDR3 16GB 1333MT/s ECC RDIMM - Status: SUCCESS - Avg: $15.01 (Range: $10.00 - $20.00) - Items: 10
[2026-09-03T09:29:54.689Z] [SKU 2/36] DDR3 16GB 1600MT/s ECC RDIMM - Status: SUCCESS - Avg: $17.66 (Range: $12.63 - $37.25) - Items: 10
[2026-09-03T09:29:55.703Z] [SKU 3/36] DDR3 16GB 1866MT/s ECC RDIMM - Status: SUCCESS - Avg: $24.14 (Range: $14.00 - $46.99) - Items: 10
[2026-09-03T09:29:56.725Z] [SKU 4/36] DDR3 32GB 1333MT/s ECC RDIMM - Status: SUCCESS - Avg: $29.43 (Range: $6.13 - $60.00) - Items: 10
[2026-09-03T09:29:57.782Z] [SKU 5/36] DDR3 32GB 1600MT/s ECC RDIMM - Status: SUCCESS - Avg: $39.80 (Range: $16.50 - $60.00) - Items: 10
[2026-09-03T09:29:58.887Z] [SKU 6/36] DDR3 32GB 1866MT/s ECC RDIMM - Status: SUCCESS - Avg: $36.18 (Range: $19.38 - $90.00) - Items: 10
[2026-09-03T09:29:59.952Z] [SKU 7/36] DDR4 16GB 2133MT/s ECC RDIMM - Status: SUCCESS - Avg: $30.33 (Range: $17.00 - $55.00) - Items: 10
[2026-09-03T09:30:01.049Z] [SKU 8/36] DDR4 16GB 2400MT/s ECC RDIMM - Status: SUCCESS - Avg: $18.91 (Range: $17.49 - $21.67) - Items: 10
[2026-09-03T09:30:02.160Z] [SKU 9/36] DDR4 16GB 2666MT/s ECC RDIMM - Status: SUCCESS - Avg: $38.75 (Range: $23.37 - $74.99) - Items: 10
[2026-09-03T09:30:03.308Z] [SKU 10/36] DDR4 16GB 2933MT/s ECC RDIMM - Status: SUCCESS - Avg: $54.45 (Range: $23.75 - $80.00) - Items: 10
[2026-09-03T09:30:04.457Z] [SKU 11/36] DDR4 16GB 3200MT/s ECC RDIMM - Status: SUCCESS - Avg: $39.34 (Range: $27.49 - $89.99) - Items: 10
[2026-09-03T09:30:05.645Z] [SKU 12/36] DDR4 32GB 2133MT/s ECC RDIMM - Status: SUCCESS - Avg: $36.99 (Range: $27.25 - $67.47) - Items: 10
[2026-09-03T09:30:06.815Z] [SKU 13/36] DDR4 32GB 2400MT/s ECC RDIMM - Status: SUCCESS - Avg: $38.02 (Range: $33.80 - $43.33) - Items: 10
[2026-09-03T09:30:08.006Z] [SKU 14/36] DDR4 32GB 2666MT/s ECC RDIMM - Status: SUCCESS - Avg: $87.68 (Range: $41.00 - $135.82) - Items: 10
[2026-09-03T09:30:09.071Z] [SKU 15/36] DDR4 32GB 2933MT/s ECC RDIMM - Status: SUCCESS - Avg: $45.64 (Range: $41.60 - $48.75) - Items: 10
[2026-09-03T09:30:10.222Z] [SKU 16/36] DDR4 32GB 3200MT/s ECC RDIMM - Status: SUCCESS - Avg: $48.42 (Range: $44.14 - $50.99) - Items: 10
[2026-09-03T09:30:11.284Z] [SKU 17/36] DDR4 64GB 2133MT/s ECC RDIMM - Status: SUCCESS - Avg: $104.34 (Range: $52.49 - $219.99) - Items: 10
[2026-09-03T09:30:12.378Z] [SKU 18/36] DDR4 64GB 2400MT/s ECC RDIMM - Status: SUCCESS - Avg: $96.01 (Range: $66.15 - $200.00) - Items: 10
[2026-09-03T09:30:13.440Z] [SKU 19/36] DDR4 64GB 2666MT/s ECC RDIMM - Status: SUCCESS - Avg: $81.47 (Range: $31.24 - $150.00) - Items: 10
[2026-09-03T09:30:14.543Z] [SKU 20/36] DDR4 64GB 2933MT/s ECC RDIMM - Status: SUCCESS - Avg: $125.56 (Range: $80.00 - $279.99) - Items: 10
[2026-09-03T09:30:15.572Z] [SKU 21/36] DDR4 64GB 3200MT/s ECC RDIMM - Status: SUCCESS - Avg: $112.57 (Range: $90.39 - $244.97) - Items: 10
[2026-09-03T09:30:16.631Z] [SKU 22/36] DDR4 128GB 2666MT/s ECC RDIMM - Status: SUCCESS - Avg: $310.72 (Range: $80.00 - $759.00) - Items: 10
[2026-09-03T09:30:17.763Z] [SKU 23/36] DDR4 128GB 2933MT/s ECC RDIMM - Status: SUCCESS - Avg: $531.95 (Range: $189.75 - $859.99) - Items: 10
[2026-09-03T09:30:18.749Z] [SKU 24/36] DDR4 128GB 3200MT/s ECC RDIMM - Status: SUCCESS - Avg: $426.98 (Range: $89.00 - $999.99) - Items: 10
[2026-09-03T09:30:19.806Z] [SKU 25/36] DDR5 16GB 4800MT/s ECC RDIMM - Status: SUCCESS - Avg: $41.31 (Range: $40.45 - $42.03) - Items: 10
[2026-09-03T09:30:20.925Z] [SKU 26/36] DDR5 16GB 5600MT/s ECC RDIMM - Status: SUCCESS - Avg: $53.64 (Range: $48.99 - $56.25) - Items: 10
[2026-09-03T09:30:22.002Z] [SKU 27/36] DDR5 32GB 4800MT/s ECC RDIMM - Status: SUCCESS - Avg: $68.37 (Range: $66.25 - $70.45) - Items: 10
[2026-09-03T09:30:23.029Z] [SKU 28/36] DDR5 32GB 5600MT/s ECC RDIMM - Status: SUCCESS - Avg: $86.02 (Range: $82.92 - $88.46) - Items: 10
[2026-09-03T09:30:24.101Z] [SKU 29/36] DDR5 48GB 5600MT/s ECC RDIMM - Status: SUCCESS - Avg: $130.48 (Range: $126.45 - $132.14) - Items: 4
[2026-09-03T09:30:25.190Z] [SKU 30/36] DDR5 64GB 4800MT/s ECC RDIMM - Status: SUCCESS - Avg: $131.73 (Range: $128.57 - $133.27) - Items: 10
[2026-09-03T09:30:26.259Z] [SKU 31/36] DDR5 64GB 5600MT/s ECC RDIMM - Status: SUCCESS - Avg: $161.24 (Range: $157.14 - $165.44) - Items: 10
[2026-09-03T09:30:27.300Z] [SKU 32/36] DDR5 64GB 6400MT/s ECC RDIMM - Status: SUCCESS - Avg: $194.77 (Range: $190.56 - $200.00) - Items: 10
[2026-09-03T09:30:28.367Z] [SKU 33/36] DDR5 96GB 5600MT/s ECC RDIMM - Status: SUCCESS - Avg: $339.52 (Range: $318.75 - $355.44) - Items: 10
[2026-09-03T09:30:29.438Z] [SKU 34/36] DDR5 128GB 4800MT/s ECC RDIMM - Status: SUCCESS - Avg: $3807.90 (Range: $975.00 - $5079.00) - Items: 10
[2026-09-03T09:30:30.518Z] [SKU 35/36] DDR5 128GB 5600MT/s ECC RDIMM - Status: SUCCESS - Avg: $3587.21 (Range: $999.98 - $4999.00) - Items: 8
[2026-09-03T09:30:31.526Z] [SKU 36/36] DDR5 256GB 4800MT/s ECC RDIMM - Status: SUCCESS - Avg: $6324.00 (Range: $1930.00 - $9495.00) - Items: 5
[2026-09-03T09:30:32.048Z] === SYNC FINISHED - Total SKUs: 36, Success: 36, Failed: 0 - Source: eBay Production API - Overall: SUCCESS ===
[2026-09-03T09:45:16.737Z] === SYNC STARTED: Querying secondary server memory market data (36 SKUs) ===
[2026-09-03T09:45:17.078Z] Authenticated with eBay Production API. Processing 36 SKUs...
[2026-09-03T09:45:17.641Z] [SKU 1/36] DDR3 16GB 1333MT/s ECC RDIMM - Status: SUCCESS - Avg: $15.80 (Range: $10.00 - $20.00) - Items: 10
[2026-09-03T09:45:18.718Z] [SKU 2/36] DDR3 16GB 1600MT/s ECC RDIMM - Status: SUCCESS - Avg: $17.66 (Range: $12.63 - $37.25) - Items: 10
[2026-09-03T09:45:19.861Z] [SKU 3/36] DDR3 16GB 1866MT/s ECC RDIMM - Status: SUCCESS - Avg: $24.14 (Range: $14.00 - $46.99) - Items: 10
[2026-09-03T09:45:20.954Z] [SKU 4/36] DDR3 32GB 1333MT/s ECC RDIMM - Status: SUCCESS - Avg: $29.43 (Range: $6.13 - $60.00) - Items: 10
[2026-09-03T09:45:22.060Z] [SKU 5/36] DDR3 32GB 1600MT/s ECC RDIMM - Status: SUCCESS - Avg: $39.30 (Range: $16.50 - $60.00) - Items: 10
[2026-09-03T09:45:23.205Z] [SKU 6/36] DDR3 32GB 1866MT/s ECC RDIMM - Status: SUCCESS - Avg: $36.18 (Range: $19.38 - $90.00) - Items: 10
[2026-09-03T09:45:24.328Z] [SKU 7/36] DDR4 16GB 2133MT/s ECC RDIMM - Status: SUCCESS - Avg: $30.33 (Range: $17.00 - $55.00) - Items: 10
[2026-09-03T09:45:25.473Z] [SKU 8/36] DDR4 16GB 2400MT/s ECC RDIMM - Status: SUCCESS - Avg: $18.91 (Range: $17.49 - $21.67) - Items: 10
[2026-09-03T09:45:26.496Z] [SKU 9/36] DDR4 16GB 2666MT/s ECC RDIMM - Status: SUCCESS - Avg: $38.75 (Range: $23.37 - $74.99) - Items: 10
[2026-09-03T09:45:27.579Z] [SKU 10/36] DDR4 16GB 2933MT/s ECC RDIMM - Status: SUCCESS - Avg: $54.45 (Range: $23.75 - $80.00) - Items: 10
[2026-09-03T09:45:28.704Z] [SKU 11/36] DDR4 16GB 3200MT/s ECC RDIMM - Status: SUCCESS - Avg: $35.23 (Range: $27.49 - $89.99) - Items: 10
[2026-09-03T09:45:29.915Z] [SKU 12/36] DDR4 32GB 2133MT/s ECC RDIMM - Status: SUCCESS - Avg: $40.24 (Range: $27.25 - $67.47) - Items: 10
[2026-09-03T09:45:30.954Z] [SKU 13/36] DDR4 32GB 2400MT/s ECC RDIMM - Status: SUCCESS - Avg: $38.02 (Range: $33.80 - $43.33) - Items: 10
[2026-09-03T09:45:31.999Z] [SKU 14/36] DDR4 32GB 2666MT/s ECC RDIMM - Status: SUCCESS - Avg: $87.68 (Range: $41.00 - $135.82) - Items: 10
[2026-09-03T09:45:33.052Z] [SKU 15/36] DDR4 32GB 2933MT/s ECC RDIMM - Status: SUCCESS - Avg: $45.29 (Range: $41.60 - $48.75) - Items: 10
[2026-09-03T09:45:34.092Z] [SKU 16/36] DDR4 32GB 3200MT/s ECC RDIMM - Status: SUCCESS - Avg: $48.42 (Range: $44.14 - $50.99) - Items: 10
[2026-09-03T09:45:35.064Z] [SKU 17/36] DDR4 64GB 2133MT/s ECC RDIMM - Status: SUCCESS - Avg: $104.34 (Range: $52.49 - $219.99) - Items: 10
[2026-09-03T09:45:36.140Z] [SKU 18/36] DDR4 64GB 2400MT/s ECC RDIMM - Status: SUCCESS - Avg: $96.41 (Range: $66.15 - $200.00) - Items: 10
[2026-09-03T09:45:37.190Z] [SKU 19/36] DDR4 64GB 2666MT/s ECC RDIMM - Status: SUCCESS - Avg: $81.47 (Range: $31.24 - $150.00) - Items: 10
[2026-09-03T09:45:38.236Z] [SKU 20/36] DDR4 64GB 2933MT/s ECC RDIMM - Status: SUCCESS - Avg: $125.56 (Range: $80.00 - $279.99) - Items: 10
[2026-09-03T09:45:39.285Z] [SKU 21/36] DDR4 64GB 3200MT/s ECC RDIMM - Status: SUCCESS - Avg: $112.57 (Range: $90.39 - $244.97) - Items: 10
[2026-09-03T09:45:40.360Z] [SKU 22/36] DDR4 128GB 2666MT/s ECC RDIMM - Status: SUCCESS - Avg: $310.72 (Range: $80.00 - $759.00) - Items: 10
[2026-09-03T09:45:41.402Z] [SKU 23/36] DDR4 128GB 2933MT/s ECC RDIMM - Status: SUCCESS - Avg: $531.95 (Range: $189.75 - $859.99) - Items: 10
[2026-09-03T09:45:42.405Z] [SKU 24/36] DDR4 128GB 3200MT/s ECC RDIMM - Status: SUCCESS - Avg: $426.98 (Range: $89.00 - $999.99) - Items: 10
[2026-09-03T09:45:43.591Z] [SKU 25/36] DDR5 16GB 4800MT/s ECC RDIMM - Status: SUCCESS - Avg: $41.59 (Range: $40.64 - $42.79) - Items: 10
[2026-09-03T09:45:44.705Z] [SKU 26/36] DDR5 16GB 5600MT/s ECC RDIMM - Status: SUCCESS - Avg: $53.64 (Range: $48.99 - $56.25) - Items: 10
[2026-09-03T09:45:45.808Z] [SKU 27/36] DDR5 32GB 4800MT/s ECC RDIMM - Status: SUCCESS - Avg: $68.37 (Range: $66.25 - $70.45) - Items: 10
[2026-09-03T09:45:46.856Z] [SKU 28/36] DDR5 32GB 5600MT/s ECC RDIMM - Status: SUCCESS - Avg: $86.02 (Range: $82.92 - $88.46) - Items: 10
[2026-09-03T09:45:47.881Z] [SKU 29/36] DDR5 48GB 5600MT/s ECC RDIMM - Status: SUCCESS - Avg: $130.48 (Range: $126.45 - $132.14) - Items: 4
[2026-09-03T09:45:48.942Z] [SKU 30/36] DDR5 64GB 4800MT/s ECC RDIMM - Status: SUCCESS - Avg: $131.73 (Range: $128.57 - $133.27) - Items: 10
[2026-09-03T09:45:49.954Z] [SKU 31/36] DDR5 64GB 5600MT/s ECC RDIMM - Status: SUCCESS - Avg: $161.24 (Range: $157.14 - $165.44) - Items: 10
[2026-09-03T09:45:51.076Z] [SKU 32/36] DDR5 64GB 6400MT/s ECC RDIMM - Status: SUCCESS - Avg: $194.77 (Range: $190.56 - $200.00) - Items: 10
[2026-09-03T09:45:52.115Z] [SKU 33/36] DDR5 96GB 5600MT/s ECC RDIMM - Status: SUCCESS - Avg: $339.52 (Range: $318.75 - $355.44) - Items: 10
[2026-09-03T09:45:53.200Z] [SKU 34/36] DDR5 128GB 4800MT/s ECC RDIMM - Status: SUCCESS - Avg: $3807.90 (Range: $975.00 - $5079.00) - Items: 10
[2026-09-03T09:45:54.252Z] [SKU 35/36] DDR5 128GB 5600MT/s ECC RDIMM - Status: SUCCESS - Avg: $3587.21 (Range: $999.98 - $4999.00) - Items: 8
[2026-09-03T09:45:55.290Z] [SKU 36/36] DDR5 256GB 4800MT/s ECC RDIMM - Status: SUCCESS - Avg: $6324.00 (Range: $1930.00 - $9495.00) - Items: 5
[2026-09-03T09:45:55.801Z] === SYNC FINISHED - Total SKUs: 36, Success: 36, Failed: 0 - Source: eBay Production API - Overall: SUCCESS ===
[2026-09-03T11:09:15.037Z] === SYNC STARTED: Querying secondary server memory market data (36 SKUs) ===
[2026-09-03T11:09:15.616Z] Authenticated with eBay Production API. Processing 36 SKUs...
[2026-09-03T11:09:16.273Z] [SKU 1/36] DDR3 16GB 1333MT/s ECC RDIMM - Status: SUCCESS - Avg: $15.01 (Range: $10.00 - $20.00) - Items: 10
[2026-09-03T11:09:17.388Z] [SKU 2/36] DDR3 16GB 1600MT/s ECC RDIMM - Status: SUCCESS - Avg: $15.43 (Range: $12.63 - $20.00) - Items: 10
[2026-09-03T11:09:18.436Z] [SKU 3/36] DDR3 16GB 1866MT/s ECC RDIMM - Status: SUCCESS - Avg: $24.14 (Range: $14.00 - $46.99) - Items: 10
[2026-09-03T11:09:19.561Z] [SKU 4/36] DDR3 32GB 1333MT/s ECC RDIMM - Status: SUCCESS - Avg: $29.43 (Range: $6.13 - $60.00) - Items: 10
[2026-09-03T11:09:20.591Z] [SKU 5/36] DDR3 32GB 1600MT/s ECC RDIMM - Status: SUCCESS - Avg: $39.80 (Range: $16.50 - $60.00) - Items: 10
[2026-09-03T11:09:21.659Z] [SKU 6/36] DDR3 32GB 1866MT/s ECC RDIMM - Status: SUCCESS - Avg: $36.18 (Range: $19.38 - $90.00) - Items: 10
[2026-09-03T11:09:22.763Z] [SKU 7/36] DDR4 16GB 2133MT/s ECC RDIMM - Status: SUCCESS - Avg: $30.33 (Range: $17.00 - $55.00) - Items: 10
[2026-09-03T11:09:23.942Z] [SKU 8/36] DDR4 16GB 2400MT/s ECC RDIMM - Status: SUCCESS - Avg: $19.32 (Range: $17.50 - $21.67) - Items: 10
[2026-09-03T11:09:24.971Z] [SKU 9/36] DDR4 16GB 2666MT/s ECC RDIMM - Status: SUCCESS - Avg: $43.40 (Range: $23.37 - $74.99) - Items: 10
[2026-09-03T11:09:26.064Z] [SKU 10/36] DDR4 16GB 2933MT/s ECC RDIMM - Status: SUCCESS - Avg: $54.67 (Range: $23.75 - $80.00) - Items: 10
[2026-09-03T11:09:27.168Z] [SKU 11/36] DDR4 16GB 3200MT/s ECC RDIMM - Status: SUCCESS - Avg: $35.68 (Range: $27.49 - $89.99) - Items: 10
[2026-09-03T11:09:28.214Z] [SKU 12/36] DDR4 32GB 2133MT/s ECC RDIMM - Status: SUCCESS - Avg: $40.24 (Range: $27.25 - $67.47) - Items: 10
[2026-09-03T11:09:29.312Z] [SKU 13/36] DDR4 32GB 2400MT/s ECC RDIMM - Status: SUCCESS - Avg: $45.54 (Range: $33.80 - $114.99) - Items: 10
[2026-09-03T11:09:30.355Z] [SKU 14/36] DDR4 32GB 2666MT/s ECC RDIMM - Status: SUCCESS - Avg: $87.43 (Range: $41.00 - $135.82) - Items: 10
[2026-09-03T11:09:31.332Z] [SKU 15/36] DDR4 32GB 2933MT/s ECC RDIMM - Status: SUCCESS - Avg: $55.18 (Range: $41.60 - $144.44) - Items: 10
[2026-09-03T11:09:32.406Z] [SKU 16/36] DDR4 32GB 3200MT/s ECC RDIMM - Status: SUCCESS - Avg: $48.10 (Range: $44.14 - $50.99) - Items: 10
[2026-09-03T11:09:33.492Z] [SKU 17/36] DDR4 64GB 2133MT/s ECC RDIMM - Status: SUCCESS - Avg: $104.34 (Range: $52.49 - $219.99) - Items: 10
[2026-09-03T11:09:34.613Z] [SKU 18/36] DDR4 64GB 2400MT/s ECC RDIMM - Status: SUCCESS - Avg: $96.41 (Range: $66.15 - $200.00) - Items: 10
[2026-09-03T11:09:35.659Z] [SKU 19/36] DDR4 64GB 2666MT/s ECC RDIMM - Status: SUCCESS - Avg: $71.19 (Range: $31.24 - $93.49) - Items: 10
[2026-09-03T11:09:36.677Z] [SKU 20/36] DDR4 64GB 2933MT/s ECC RDIMM - Status: SUCCESS - Avg: $124.22 (Range: $80.00 - $273.75) - Items: 10
[2026-09-03T11:09:37.717Z] [SKU 21/36] DDR4 64GB 3200MT/s ECC RDIMM - Status: SUCCESS - Avg: $112.00 (Range: $90.39 - $244.97) - Items: 10
[2026-09-03T11:09:38.761Z] [SKU 22/36] DDR4 128GB 2666MT/s ECC RDIMM - Status: SUCCESS - Avg: $312.39 (Range: $80.00 - $759.00) - Items: 10
[2026-09-03T11:09:39.808Z] [SKU 23/36] DDR4 128GB 2933MT/s ECC RDIMM - Status: SUCCESS - Avg: $531.95 (Range: $189.75 - $859.99) - Items: 10
[2026-09-03T11:09:40.752Z] [SKU 24/36] DDR4 128GB 3200MT/s ECC RDIMM - Status: SUCCESS - Avg: $426.98 (Range: $89.00 - $999.99) - Items: 10
[2026-09-03T11:09:41.803Z] [SKU 25/36] DDR5 16GB 4800MT/s ECC RDIMM - Status: SUCCESS - Avg: $41.47 (Range: $40.45 - $42.79) - Items: 10
[2026-09-03T11:09:42.819Z] [SKU 26/36] DDR5 16GB 5600MT/s ECC RDIMM - Status: SUCCESS - Avg: $53.64 (Range: $48.99 - $56.25) - Items: 10
[2026-09-03T11:09:43.974Z] [SKU 27/36] DDR5 32GB 4800MT/s ECC RDIMM - Status: SUCCESS - Avg: $68.37 (Range: $66.25 - $70.45) - Items: 10
[2026-09-03T11:09:44.995Z] [SKU 28/36] DDR5 32GB 5600MT/s ECC RDIMM - Status: SUCCESS - Avg: $86.34 (Range: $82.92 - $88.46) - Items: 10
[2026-09-03T11:09:46.037Z] [SKU 29/36] DDR5 48GB 5600MT/s ECC RDIMM - Status: SUCCESS - Avg: $130.48 (Range: $126.45 - $132.14) - Items: 4
[2026-09-03T11:09:47.089Z] [SKU 30/36] DDR5 64GB 4800MT/s ECC RDIMM - Status: SUCCESS - Avg: $131.73 (Range: $128.57 - $133.27) - Items: 10
[2026-09-03T11:09:48.123Z] [SKU 31/36] DDR5 64GB 5600MT/s ECC RDIMM - Status: SUCCESS - Avg: $161.24 (Range: $157.14 - $165.44) - Items: 10
[2026-09-03T11:09:49.174Z] [SKU 32/36] DDR5 64GB 6400MT/s ECC RDIMM - Status: SUCCESS - Avg: $195.03 (Range: $190.56 - $200.00) - Items: 10
[2026-09-03T11:09:50.236Z] [SKU 33/36] DDR5 96GB 5600MT/s ECC RDIMM - Status: SUCCESS - Avg: $340.36 (Range: $318.75 - $355.44) - Items: 10
[2026-09-03T11:09:51.259Z] [SKU 34/36] DDR5 128GB 4800MT/s ECC RDIMM - Status: SUCCESS - Avg: $3807.90 (Range: $975.00 - $5079.00) - Items: 10
[2026-09-03T11:09:52.264Z] [SKU 35/36] DDR5 128GB 5600MT/s ECC RDIMM - Status: SUCCESS - Avg: $3587.21 (Range: $999.98 - $4999.00) - Items: 8
[2026-09-03T11:09:53.316Z] [SKU 36/36] DDR5 256GB 4800MT/s ECC RDIMM - Status: SUCCESS - Avg: $6324.00 (Range: $1930.00 - $9495.00) - Items: 5
[2026-09-03T11:09:53.825Z] === SYNC FINISHED - Total SKUs: 36, Success: 36, Failed: 0 - Source: eBay Production API - Overall: SUCCESS ===
[2026-09-14T03:38:35.649Z] === SYNC STARTED: Querying secondary server memory market data (37 SKUs) ===
[2026-09-14T03:38:36.065Z] Authenticated with eBay Production API. Processing 37 SKUs...
[2026-09-14T03:38:36.639Z] [SKU 1/37] DDR3 16GB 1333MT/s ECC RDIMM - Status: SUCCESS - Avg: $19.53 (Range: $15.00 - $30.00) - Items: 10
[2026-09-14T03:38:37.707Z] [SKU 2/37] DDR3 16GB 1600MT/s ECC RDIMM - Status: SUCCESS - Avg: $16.99 (Range: $7.50 - $23.96) - Items: 10
[2026-09-14T03:38:38.752Z] [SKU 3/37] DDR3 16GB 1866MT/s ECC RDIMM - Status: SUCCESS - Avg: $21.30 (Range: $9.99 - $49.99) - Items: 10
[2026-09-14T03:38:39.793Z] [SKU 4/37] DDR3 32GB 1333MT/s ECC RDIMM - Status: SUCCESS - Avg: $30.90 (Range: $6.13 - $71.99) - Items: 10
[2026-09-14T03:38:40.832Z] [SKU 5/37] DDR3 32GB 1600MT/s ECC RDIMM - Status: SUCCESS - Avg: $20.60 (Range: $5.00 - $44.99) - Items: 10
[2026-09-14T03:38:41.865Z] [SKU 6/37] DDR3 32GB 1866MT/s ECC RDIMM - Status: SUCCESS - Avg: $22.29 (Range: $7.25 - $40.00) - Items: 10
[2026-09-14T03:38:42.933Z] [SKU 7/37] DDR4 16GB 2133MT/s ECC RDIMM - Status: SUCCESS - Avg: $59.79 (Range: $25.00 - $74.99) - Items: 10
[2026-09-14T03:38:44.254Z] [SKU 8/37] DDR4 16GB 2400MT/s ECC RDIMM - Status: SUCCESS - Avg: $74.29 (Range: $39.99 - $140.00) - Items: 10
[2026-09-14T03:38:45.319Z] [SKU 9/37] DDR4 16GB 2666MT/s ECC RDIMM - Status: SUCCESS - Avg: $73.42 (Range: $25.00 - $100.00) - Items: 10
[2026-09-14T03:38:46.366Z] [SKU 10/37] DDR4 16GB 2933MT/s ECC RDIMM - Status: SUCCESS - Avg: $104.50 (Range: $75.00 - $139.99) - Items: 10
[2026-09-14T03:38:47.417Z] [SKU 11/37] DDR4 16GB 3200MT/s ECC RDIMM - Status: SUCCESS - Avg: $117.23 (Range: $83.00 - $249.00) - Items: 10
[2026-09-14T03:38:48.410Z] [SKU 12/37] DDR4 32GB 2133MT/s ECC RDIMM - Status: SUCCESS - Avg: $111.87 (Range: $22.49 - $199.00) - Items: 10
[2026-09-14T03:38:49.483Z] [SKU 13/37] DDR4 32GB 2400MT/s ECC RDIMM - Status: SUCCESS - Avg: $10155.89 (Range: $85.00 - $100000.00) - Items: 10
[2026-09-14T03:38:50.462Z] [SKU 14/37] DDR4 32GB 2666MT/s ECC RDIMM - Status: SUCCESS - Avg: $175.71 (Range: $62.50 - $249.00) - Items: 10
[2026-09-14T03:38:51.479Z] [SKU 15/37] DDR4 32GB 2933MT/s ECC RDIMM - Status: SUCCESS - Avg: $209.54 (Range: $77.00 - $299.00) - Items: 10
[2026-09-14T03:38:52.516Z] [SKU 16/37] DDR4 32GB 3200MT/s ECC RDIMM - Status: SUCCESS - Avg: $287.22 (Range: $195.00 - $359.00) - Items: 10
[2026-09-14T03:38:53.535Z] [SKU 17/37] DDR4 64GB 2133MT/s ECC RDIMM - Status: SUCCESS - Avg: $101.57 (Range: $61.41 - $375.00) - Items: 10
[2026-09-14T03:38:54.663Z] [SKU 18/37] DDR4 64GB 2400MT/s ECC RDIMM - Status: SUCCESS - Avg: $208.86 (Range: $43.63 - $390.00) - Items: 10
[2026-09-14T03:38:55.665Z] [SKU 19/37] DDR4 64GB 2666MT/s ECC RDIMM - Status: SUCCESS - Avg: $296.10 (Range: $53.99 - $800.00) - Items: 10
[2026-09-14T03:38:56.627Z] [SKU 20/37] DDR4 64GB 2933MT/s ECC RDIMM - Status: SUCCESS - Avg: $413.62 (Range: $87.25 - $599.00) - Items: 10
[2026-09-14T03:38:57.565Z] [SKU 21/37] DDR4 64GB 3200MT/s ECC RDIMM - Status: SUCCESS - Avg: $745.80 (Range: $550.00 - $917.99) - Items: 10
[2026-09-14T03:38:58.618Z] [SKU 22/37] DDR4 128GB 2666MT/s ECC RDIMM - Status: SUCCESS - Avg: $401.52 (Range: $80.00 - $899.00) - Items: 10
[2026-09-14T03:38:59.619Z] [SKU 23/37] DDR4 128GB 2933MT/s ECC RDIMM - Status: SUCCESS - Avg: $831.57 (Range: $180.23 - $1253.99) - Items: 10
[2026-09-14T03:39:00.598Z] [SKU 24/37] DDR4 128GB 3200MT/s ECC RDIMM - Status: SUCCESS - Avg: $1748.70 (Range: $150.00 - $5904.00) - Items: 10
[2026-09-14T03:39:01.665Z] [SKU 25/37] DDR5 16GB 4800MT/s ECC RDIMM - Status: SUCCESS - Avg: $896.03 (Range: $399.00 - $3967.00) - Items: 10
[2026-09-14T03:39:02.667Z] [SKU 26/37] DDR5 16GB 5600MT/s ECC RDIMM - Status: SUCCESS - Avg: $628.05 (Range: $436.80 - $999.00) - Items: 10
[2026-09-14T03:39:03.723Z] [SKU 27/37] DDR5 32GB 4800MT/s ECC RDIMM - Status: SUCCESS - Avg: $1281.35 (Range: $399.50 - $3244.00) - Items: 10
[2026-09-14T03:39:04.725Z] [SKU 28/37] DDR5 32GB 5600MT/s ECC RDIMM - Status: SUCCESS - Avg: $1355.65 (Range: $812.50 - $1659.00) - Items: 10
[2026-09-14T03:39:05.732Z] [SKU 29/37] DDR5 48GB 5600MT/s ECC RDIMM - Status: SUCCESS - Avg: $2729.20 (Range: $1850.00 - $3927.00) - Items: 5
[2026-09-14T03:39:06.913Z] [SKU 30/37] DDR5 64GB 4800MT/s ECC RDIMM - Status: SUCCESS - Avg: $2352.65 (Range: $1799.99 - $3078.90) - Items: 10
[2026-09-14T03:39:08.032Z] [SKU 31/37] DDR5 64GB 5600MT/s ECC RDIMM - Status: SUCCESS - Avg: $2617.66 (Range: $1800.00 - $3399.00) - Items: 10
[2026-09-14T03:39:09.121Z] [SKU 32/37] DDR5 64GB 6400MT/s ECC RDIMM - Status: SUCCESS - Avg: $2982.10 (Range: $2699.99 - $3177.00) - Items: 10
[2026-09-14T03:39:10.178Z] [SKU 33/37] DDR5 96GB 5600MT/s ECC RDIMM - Status: SUCCESS - Avg: $3587.00 (Range: $2550.00 - $3879.00) - Items: 10
[2026-09-14T03:39:11.210Z] [SKU 34/37] DDR5 128GB 5600MT/s ECC RDIMM - Status: SUCCESS - Avg: $4246.02 (Range: $812.50 - $12499.00) - Items: 9
[2026-09-14T03:39:12.306Z] [SKU 35/37] DDR5 128GB 4800MT/s ECC RDIMM - Status: SUCCESS - Avg: $3341.50 (Range: $362.50 - $5319.00) - Items: 10
[2026-09-14T03:39:13.397Z] [SKU 36/37] DDR5 128GB 5600MT/s ECC RDIMM - Status: SUCCESS - Avg: $4246.02 (Range: $812.50 - $12499.00) - Items: 9
[2026-09-14T03:39:14.462Z] [SKU 37/37] DDR5 256GB 4800MT/s ECC RDIMM - Status: SUCCESS - Avg: $4128.75 (Range: $495.00 - $7800.00) - Items: 4
[2026-09-14T03:39:14.969Z] === SYNC FINISHED - Total SKUs: 37, Success: 37, Failed: 0 - Source: eBay Production API - Overall: SUCCESS ===
[2026-09-15T00:01:46.729Z] === SYNC STARTED: Querying secondary server memory market data (37 SKUs) ===
[2026-09-15T00:01:46.956Z] Authenticated with eBay Production API. Processing 37 SKUs...
[2026-09-15T00:01:47.532Z] [SKU 1/37] DDR3 16GB 1333MT/s ECC RDIMM - Status: SUCCESS - Avg: $20.88 (Range: $5.07 - $50.00) - Items: 10
[2026-09-15T00:01:48.582Z] [SKU 2/37] DDR3 16GB 1600MT/s ECC RDIMM - Status: SUCCESS - Avg: $36.64 (Range: $7.50 - $187.50) - Items: 10
[2026-09-15T00:01:49.609Z] [SKU 3/37] DDR3 16GB 1866MT/s ECC RDIMM - Status: SUCCESS - Avg: $18.40 (Range: $9.99 - $30.00) - Items: 10
[2026-09-15T00:01:50.716Z] [SKU 4/37] DDR3 32GB 1333MT/s ECC RDIMM - Status: SUCCESS - Avg: $22.88 (Range: $6.13 - $40.63) - Items: 10
[2026-09-15T00:01:52.050Z] [SKU 5/37] DDR3 32GB 1600MT/s ECC RDIMM - Status: SUCCESS - Avg: $21.78 (Range: $12.25 - $44.99) - Items: 10
[2026-09-15T00:01:53.504Z] [SKU 6/37] DDR3 32GB 1866MT/s ECC RDIMM - Status: SUCCESS - Avg: $20.79 (Range: $7.25 - $40.00) - Items: 10
[2026-09-15T00:01:54.817Z] [SKU 7/37] DDR4 16GB 2133MT/s ECC RDIMM - Status: SUCCESS - Avg: $54.28 (Range: $25.00 - $120.00) - Items: 10
[2026-09-15T00:01:56.270Z] [SKU 8/37] DDR4 16GB 2400MT/s ECC RDIMM - Status: SUCCESS - Avg: $75.04 (Range: $37.49 - $149.97) - Items: 10
[2026-09-15T00:01:57.643Z] [SKU 9/37] DDR4 16GB 2666MT/s ECC RDIMM - Status: SUCCESS - Avg: $75.27 (Range: $25.00 - $107.99) - Items: 10
[2026-09-15T00:01:59.206Z] [SKU 10/37] DDR4 16GB 2933MT/s ECC RDIMM - Status: SUCCESS - Avg: $104.20 (Range: $75.00 - $139.99) - Items: 10
[2026-09-15T00:02:00.683Z] [SKU 11/37] DDR4 16GB 3200MT/s ECC RDIMM - Status: SUCCESS - Avg: $125.12 (Range: $83.00 - $249.00) - Items: 10
[2026-09-15T00:02:02.466Z] [SKU 12/37] DDR4 32GB 2133MT/s ECC RDIMM - Status: SUCCESS - Avg: $134.62 (Range: $22.49 - $199.00) - Items: 10
[2026-09-15T00:02:03.942Z] [SKU 13/37] DDR4 32GB 2400MT/s ECC RDIMM - Status: SUCCESS - Avg: $165.39 (Range: $100.00 - $220.00) - Items: 10
[2026-09-15T00:02:05.323Z] [SKU 14/37] DDR4 32GB 2666MT/s ECC RDIMM - Status: SUCCESS - Avg: $189.51 (Range: $140.00 - $279.00) - Items: 10
[2026-09-15T00:02:06.799Z] [SKU 15/37] DDR4 32GB 2933MT/s ECC RDIMM - Status: SUCCESS - Avg: $237.57 (Range: $150.00 - $299.00) - Items: 10
[2026-09-15T00:02:08.181Z] [SKU 16/37] DDR4 32GB 3200MT/s ECC RDIMM - Status: SUCCESS - Avg: $292.77 (Range: $89.50 - $375.99) - Items: 10
[2026-09-15T00:02:09.600Z] [SKU 17/37] DDR4 64GB 2133MT/s ECC RDIMM - Status: SUCCESS - Avg: $97.71 (Range: $56.25 - $375.00) - Items: 10
[2026-09-15T00:02:11.301Z] [SKU 18/37] DDR4 64GB 2400MT/s ECC RDIMM - Status: SUCCESS - Avg: $189.82 (Range: $43.63 - $390.00) - Items: 10
[2026-09-15T00:02:12.594Z] [SKU 19/37] DDR4 64GB 2666MT/s ECC RDIMM - Status: SUCCESS - Avg: $280.44 (Range: $75.00 - $399.00) - Items: 10
[2026-09-15T00:02:14.042Z] [SKU 20/37] DDR4 64GB 2933MT/s ECC RDIMM - Status: SUCCESS - Avg: $439.87 (Range: $87.25 - $599.00) - Items: 10
[2026-09-15T00:02:15.618Z] [SKU 21/37] DDR4 64GB 3200MT/s ECC RDIMM - Status: SUCCESS - Avg: $726.99 (Range: $250.00 - $917.99) - Items: 10
[2026-09-15T00:02:17.186Z] [SKU 22/37] DDR4 128GB 2666MT/s ECC RDIMM - Status: SUCCESS - Avg: $312.77 (Range: $80.00 - $899.00) - Items: 10
[2026-09-15T00:02:18.913Z] [SKU 23/37] DDR4 128GB 2933MT/s ECC RDIMM - Status: SUCCESS - Avg: $837.57 (Range: $180.23 - $1253.99) - Items: 10
[2026-09-15T00:02:20.949Z] [SKU 24/37] DDR4 128GB 3200MT/s ECC RDIMM - Status: SUCCESS - Avg: $1361.10 (Range: $150.00 - $4428.00) - Items: 10
[2026-09-15T00:02:22.550Z] [SKU 25/37] DDR5 16GB 4800MT/s ECC RDIMM - Status: SUCCESS - Avg: $1263.06 (Range: $399.50 - $2976.00) - Items: 10
[2026-09-15T00:02:24.004Z] [SKU 26/37] DDR5 16GB 5600MT/s ECC RDIMM - Status: SUCCESS - Avg: $647.61 (Range: $436.80 - $999.00) - Items: 10
[2026-09-15T00:02:25.406Z] [SKU 27/37] DDR5 32GB 4800MT/s ECC RDIMM - Status: SUCCESS - Avg: $1165.24 (Range: $399.50 - $2433.00) - Items: 10
[2026-09-15T00:02:26.816Z] [SKU 28/37] DDR5 32GB 5600MT/s ECC RDIMM - Status: SUCCESS - Avg: $1515.55 (Range: $1250.00 - $2920.50) - Items: 10
[2026-09-15T00:02:28.396Z] [SKU 29/37] DDR5 48GB 5600MT/s ECC RDIMM - Status: SUCCESS - Avg: $2729.20 (Range: $1850.00 - $3927.00) - Items: 5
[2026-09-15T00:02:29.914Z] [SKU 30/37] DDR5 64GB 4800MT/s ECC RDIMM - Status: SUCCESS - Avg: $2336.34 (Range: $1799.99 - $3078.90) - Items: 10
[2026-09-15T00:02:31.405Z] [SKU 31/37] DDR5 64GB 5600MT/s ECC RDIMM - Status: SUCCESS - Avg: $2797.57 (Range: $2399.00 - $3399.00) - Items: 10
[2026-09-15T00:02:33.039Z] [SKU 32/37] DDR5 64GB 6400MT/s ECC RDIMM - Status: SUCCESS - Avg: $3029.70 (Range: $2699.99 - $3474.99) - Items: 10
[2026-09-15T00:02:34.646Z] [SKU 33/37] DDR5 96GB 5600MT/s ECC RDIMM - Status: SUCCESS - Avg: $3587.00 (Range: $2550.00 - $3879.00) - Items: 10
[2026-09-15T00:02:36.044Z] [SKU 34/37] DDR5 128GB 5600MT/s ECC RDIMM - Status: SUCCESS - Avg: $4670.52 (Range: $987.25 - $12499.00) - Items: 8
[2026-09-15T00:02:37.775Z] [SKU 35/37] DDR5 128GB 4800MT/s ECC RDIMM - Status: SUCCESS - Avg: $3523.15 (Range: $362.50 - $5319.00) - Items: 10
[2026-09-15T00:02:39.518Z] [SKU 36/37] DDR5 128GB 5600MT/s ECC RDIMM - Status: SUCCESS - Avg: $4670.52 (Range: $987.25 - $12499.00) - Items: 8
[2026-09-15T00:02:40.986Z] [SKU 37/37] DDR5 256GB 4800MT/s ECC RDIMM - Status: SUCCESS - Avg: $5905.00 (Range: $720.00 - $7800.00) - Items: 4
[2026-09-15T00:02:41.493Z] === SYNC FINISHED - Total SKUs: 37, Success: 37, Failed: 0 - Source: eBay Production API - Overall: SUCCESS ===
[2026-09-16T00:01:36.504Z] === SYNC STARTED: Querying secondary server memory market data (37 SKUs) ===
[2026-09-16T00:01:37.470Z] Authenticated with eBay Production API. Processing 37 SKUs...
[2026-09-16T00:01:38.761Z] [SKU 1/37] DDR3 16GB 1333MT/s ECC RDIMM - Status: SUCCESS - Avg: $30.16 (Range: $5.07 - $120.00) - Items: 10
[2026-09-16T00:01:40.592Z] [SKU 2/37] DDR3 16GB 1600MT/s ECC RDIMM - Status: SUCCESS - Avg: $69.58 (Range: $7.50 - $377.25) - Items: 10
[2026-09-16T00:01:42.249Z] [SKU 3/37] DDR3 16GB 1866MT/s ECC RDIMM - Status: SUCCESS - Avg: $53.92 (Range: $9.99 - $186.75) - Items: 10
[2026-09-16T00:01:44.004Z] [SKU 4/37] DDR3 32GB 1333MT/s ECC RDIMM - Status: SUCCESS - Avg: $24.41 (Range: $6.13 - $79.99) - Items: 10
[2026-09-16T00:01:45.652Z] [SKU 5/37] DDR3 32GB 1600MT/s ECC RDIMM - Status: SUCCESS - Avg: $19.42 (Range: $12.25 - $29.99) - Items: 10
[2026-09-16T00:01:47.297Z] [SKU 6/37] DDR3 32GB 1866MT/s ECC RDIMM - Status: SUCCESS - Avg: $45.76 (Range: $8.85 - $234.00) - Items: 10
[2026-09-16T00:01:48.917Z] [SKU 7/37] DDR4 16GB 2133MT/s ECC RDIMM - Status: SUCCESS - Avg: $100.75 (Range: $25.00 - $475.00) - Items: 10
[2026-09-16T00:01:50.474Z] [SKU 8/37] DDR4 16GB 2400MT/s ECC RDIMM - Status: SUCCESS - Avg: $86.09 (Range: $20.00 - $159.99) - Items: 10
[2026-09-16T00:01:51.882Z] [SKU 9/37] DDR4 16GB 2666MT/s ECC RDIMM - Status: SUCCESS - Avg: $77.87 (Range: $25.00 - $107.99) - Items: 10
[2026-09-16T00:01:53.330Z] [SKU 10/37] DDR4 16GB 2933MT/s ECC RDIMM - Status: SUCCESS - Avg: $105.09 (Range: $75.00 - $139.99) - Items: 10
[2026-09-16T00:01:54.678Z] [SKU 11/37] DDR4 16GB 3200MT/s ECC RDIMM - Status: SUCCESS - Avg: $114.55 (Range: $52.00 - $187.99) - Items: 10
[2026-09-16T00:01:56.032Z] [SKU 12/37] DDR4 32GB 2133MT/s ECC RDIMM - Status: SUCCESS - Avg: $141.94 (Range: $61.74 - $199.00) - Items: 10
[2026-09-16T00:01:57.396Z] [SKU 13/37] DDR4 32GB 2400MT/s ECC RDIMM - Status: SUCCESS - Avg: $160.09 (Range: $67.50 - $220.00) - Items: 10
[2026-09-16T00:01:58.795Z] [SKU 14/37] DDR4 32GB 2666MT/s ECC RDIMM - Status: SUCCESS - Avg: $200.44 (Range: $134.99 - $279.00) - Items: 10
[2026-09-16T00:02:00.150Z] [SKU 15/37] DDR4 32GB 2933MT/s ECC RDIMM - Status: SUCCESS - Avg: $241.29 (Range: $199.95 - $299.00) - Items: 10
[2026-09-16T00:02:01.406Z] [SKU 16/37] DDR4 32GB 3200MT/s ECC RDIMM - Status: SUCCESS - Avg: $282.67 (Range: $89.50 - $359.00) - Items: 10
[2026-09-16T00:02:02.750Z] [SKU 17/37] DDR4 64GB 2133MT/s ECC RDIMM - Status: SUCCESS - Avg: $95.11 (Range: $57.50 - $375.00) - Items: 10
[2026-09-16T00:02:04.217Z] [SKU 18/37] DDR4 64GB 2400MT/s ECC RDIMM - Status: SUCCESS - Avg: $176.58 (Range: $43.63 - $390.00) - Items: 10
[2026-09-16T00:02:05.528Z] [SKU 19/37] DDR4 64GB 2666MT/s ECC RDIMM - Status: SUCCESS - Avg: $204.35 (Range: $69.99 - $400.00) - Items: 10
[2026-09-16T00:02:06.904Z] [SKU 20/37] DDR4 64GB 2933MT/s ECC RDIMM - Status: SUCCESS - Avg: $444.62 (Range: $87.25 - $599.00) - Items: 10
[2026-09-16T00:02:08.377Z] [SKU 21/37] DDR4 64GB 3200MT/s ECC RDIMM - Status: SUCCESS - Avg: $774.79 (Range: $550.00 - $917.99) - Items: 10
[2026-09-16T00:02:09.764Z] [SKU 22/37] DDR4 128GB 2666MT/s ECC RDIMM - Status: SUCCESS - Avg: $322.37 (Range: $50.00 - $899.00) - Items: 10
[2026-09-16T00:02:11.163Z] [SKU 23/37] DDR4 128GB 2933MT/s ECC RDIMM - Status: SUCCESS - Avg: $837.51 (Range: $179.65 - $1253.99) - Items: 10
[2026-09-16T00:02:12.573Z] [SKU 24/37] DDR4 128GB 3200MT/s ECC RDIMM - Status: SUCCESS - Avg: $1350.47 (Range: $143.74 - $4428.00) - Items: 10
[2026-09-16T00:02:13.886Z] [SKU 25/37] DDR5 16GB 4800MT/s ECC RDIMM - Status: SUCCESS - Avg: $1280.75 (Range: $399.50 - $2976.00) - Items: 10
[2026-09-16T00:02:15.308Z] [SKU 26/37] DDR5 16GB 5600MT/s ECC RDIMM - Status: SUCCESS - Avg: $626.02 (Range: $449.97 - $791.11) - Items: 10
[2026-09-16T00:02:16.956Z] [SKU 27/37] DDR5 32GB 4800MT/s ECC RDIMM - Status: SUCCESS - Avg: $1205.35 (Range: $399.50 - $2433.00) - Items: 10
[2026-09-16T00:02:18.467Z] [SKU 28/37] DDR5 32GB 5600MT/s ECC RDIMM - Status: SUCCESS - Avg: $1530.15 (Range: $1250.00 - $2920.50) - Items: 10
[2026-09-16T00:02:19.864Z] [SKU 29/37] DDR5 48GB 5600MT/s ECC RDIMM - Status: SUCCESS - Avg: $2729.20 (Range: $1850.00 - $3927.00) - Items: 5
[2026-09-16T00:02:21.357Z] [SKU 30/37] DDR5 64GB 4800MT/s ECC RDIMM - Status: SUCCESS - Avg: $2347.34 (Range: $1800.00 - $3078.90) - Items: 10
[2026-09-16T00:02:22.763Z] [SKU 31/37] DDR5 64GB 5600MT/s ECC RDIMM - Status: SUCCESS - Avg: $3400.37 (Range: $2399.00 - $9127.00) - Items: 10
[2026-09-16T00:02:24.298Z] [SKU 32/37] DDR5 64GB 6400MT/s ECC RDIMM - Status: SUCCESS - Avg: $3044.80 (Range: $2899.00 - $3474.99) - Items: 10
[2026-09-16T00:02:25.603Z] [SKU 33/37] DDR5 96GB 5600MT/s ECC RDIMM - Status: SUCCESS - Avg: $3587.00 (Range: $2550.00 - $3879.00) - Items: 10
[2026-09-16T00:02:26.894Z] [SKU 34/37] DDR5 128GB 5600MT/s ECC RDIMM - Status: SUCCESS - Avg: $4639.27 (Range: $987.25 - $12499.00) - Items: 8
[2026-09-16T00:02:28.119Z] [SKU 35/37] DDR5 128GB 4800MT/s ECC RDIMM - Status: SUCCESS - Avg: $3725.65 (Range: $362.50 - $5319.00) - Items: 10
[2026-09-16T00:02:29.411Z] [SKU 36/37] DDR5 128GB 5600MT/s ECC RDIMM - Status: SUCCESS - Avg: $4639.27 (Range: $987.25 - $12499.00) - Items: 8
[2026-09-16T00:02:30.658Z] [SKU 37/37] DDR5 256GB 4800MT/s ECC RDIMM - Status: SUCCESS - Avg: $5905.00 (Range: $720.00 - $7800.00) - Items: 4
[2026-09-16T00:02:31.163Z] === SYNC FINISHED - Total SKUs: 37, Success: 37, Failed: 0 - Source: eBay Production API - Overall: SUCCESS ===
[2026-09-17T00:01:44.167Z] === SYNC STARTED: Querying secondary server memory market data (37 SKUs) ===
[2026-09-17T00:01:44.354Z] Authenticated with eBay Production API. Processing 37 SKUs...
[2026-09-17T00:01:44.926Z] [SKU 1/37] DDR3 16GB 1333MT/s ECC RDIMM - Status: SUCCESS - Avg: $31.16 (Range: $6.99 - $120.00) - Items: 10
[2026-09-17T00:01:45.962Z] [SKU 2/37] DDR3 16GB 1600MT/s ECC RDIMM - Status: SUCCESS - Avg: $50.80 (Range: $7.47 - $377.25) - Items: 10
[2026-09-17T00:01:46.950Z] [SKU 3/37] DDR3 16GB 1866MT/s ECC RDIMM - Status: SUCCESS - Avg: $39.72 (Range: $6.25 - $186.75) - Items: 10
[2026-09-17T00:01:48.043Z] [SKU 4/37] DDR3 32GB 1333MT/s ECC RDIMM - Status: SUCCESS - Avg: $32.27 (Range: $6.13 - $79.99) - Items: 10
[2026-09-17T00:01:49.156Z] [SKU 5/37] DDR3 32GB 1600MT/s ECC RDIMM - Status: SUCCESS - Avg: $22.14 (Range: $13.75 - $32.71) - Items: 10
[2026-09-17T00:01:50.223Z] [SKU 6/37] DDR3 32GB 1866MT/s ECC RDIMM - Status: SUCCESS - Avg: $45.76 (Range: $8.85 - $234.00) - Items: 10
[2026-09-17T00:01:51.296Z] [SKU 7/37] DDR4 16GB 2133MT/s ECC RDIMM - Status: SUCCESS - Avg: $69.60 (Range: $30.00 - $118.91) - Items: 10
[2026-09-17T00:01:52.339Z] [SKU 8/37] DDR4 16GB 2400MT/s ECC RDIMM - Status: SUCCESS - Avg: $92.19 (Range: $65.99 - $159.99) - Items: 10
[2026-09-17T00:01:53.698Z] [SKU 9/37] DDR4 16GB 2666MT/s ECC RDIMM - Status: SUCCESS - Avg: $88.47 (Range: $65.00 - $109.00) - Items: 10
[2026-09-17T00:01:55.018Z] [SKU 10/37] DDR4 16GB 2933MT/s ECC RDIMM - Status: SUCCESS - Avg: $116.30 (Range: $79.00 - $139.99) - Items: 10
[2026-09-17T00:01:56.332Z] [SKU 11/37] DDR4 16GB 3200MT/s ECC RDIMM - Status: SUCCESS - Avg: $124.04 (Range: $83.00 - $187.99) - Items: 10
[2026-09-17T00:01:58.054Z] [SKU 12/37] DDR4 32GB 2133MT/s ECC RDIMM - Status: SUCCESS - Avg: $129.94 (Range: $49.50 - $199.00) - Items: 10
[2026-09-17T00:01:59.463Z] [SKU 13/37] DDR4 32GB 2400MT/s ECC RDIMM - Status: SUCCESS - Avg: $165.77 (Range: $90.00 - $220.00) - Items: 10
[2026-09-17T00:02:00.709Z] [SKU 14/37] DDR4 32GB 2666MT/s ECC RDIMM - Status: SUCCESS - Avg: $185.54 (Range: $80.00 - $279.00) - Items: 10
[2026-09-17T00:02:02.176Z] [SKU 15/37] DDR4 32GB 2933MT/s ECC RDIMM - Status: SUCCESS - Avg: $251.40 (Range: $195.00 - $324.99) - Items: 10
[2026-09-17T00:02:03.512Z] [SKU 16/37] DDR4 32GB 3200MT/s ECC RDIMM - Status: SUCCESS - Avg: $295.25 (Range: $89.50 - $400.00) - Items: 10
[2026-09-17T00:02:05.189Z] [SKU 17/37] DDR4 64GB 2133MT/s ECC RDIMM - Status: SUCCESS - Avg: $105.52 (Range: $57.50 - $375.00) - Items: 10
[2026-09-17T00:02:06.630Z] [SKU 18/37] DDR4 64GB 2400MT/s ECC RDIMM - Status: SUCCESS - Avg: $216.73 (Range: $43.63 - $390.00) - Items: 10
[2026-09-17T00:02:08.001Z] [SKU 19/37] DDR4 64GB 2666MT/s ECC RDIMM - Status: SUCCESS - Avg: $210.77 (Range: $69.99 - $383.51) - Items: 10
[2026-09-17T00:02:09.431Z] [SKU 20/37] DDR4 64GB 2933MT/s ECC RDIMM - Status: SUCCESS - Avg: $432.92 (Range: $87.25 - $599.00) - Items: 10
[2026-09-17T00:02:10.796Z] [SKU 21/37] DDR4 64GB 3200MT/s ECC RDIMM - Status: SUCCESS - Avg: $690.00 (Range: $550.00 - $900.00) - Items: 10
[2026-09-17T00:02:12.602Z] [SKU 22/37] DDR4 128GB 2666MT/s ECC RDIMM - Status: SUCCESS - Avg: $486.20 (Range: $80.00 - $899.00) - Items: 10
[2026-09-17T00:02:14.167Z] [SKU 23/37] DDR4 128GB 2933MT/s ECC RDIMM - Status: SUCCESS - Avg: $681.10 (Range: $92.13 - $1253.99) - Items: 10
[2026-09-17T00:02:16.617Z] [SKU 24/37] DDR4 128GB 3200MT/s ECC RDIMM - Status: SUCCESS - Avg: $1032.04 (Range: $137.38 - $4425.00) - Items: 10
[2026-09-17T00:02:18.425Z] [SKU 25/37] DDR5 16GB 4800MT/s ECC RDIMM - Status: SUCCESS - Avg: $1018.46 (Range: $399.50 - $2975.25) - Items: 10
[2026-09-17T00:02:19.786Z] [SKU 26/37] DDR5 16GB 5600MT/s ECC RDIMM - Status: SUCCESS - Avg: $644.45 (Range: $559.99 - $790.76) - Items: 10
[2026-09-17T00:02:21.180Z] [SKU 27/37] DDR5 32GB 4800MT/s ECC RDIMM - Status: SUCCESS - Avg: $1202.75 (Range: $399.50 - $2433.00) - Items: 10
[2026-09-17T00:02:22.781Z] [SKU 28/37] DDR5 32GB 5600MT/s ECC RDIMM - Status: SUCCESS - Avg: $1396.89 (Range: $1250.00 - $1699.00) - Items: 10
[2026-09-17T00:02:24.027Z] [SKU 29/37] DDR5 48GB 5600MT/s ECC RDIMM - Status: SUCCESS - Avg: $2729.20 (Range: $1850.00 - $3927.00) - Items: 5
[2026-09-17T00:02:25.419Z] [SKU 30/37] DDR5 64GB 4800MT/s ECC RDIMM - Status: SUCCESS - Avg: $2286.35 (Range: $1800.00 - $2499.00) - Items: 10
[2026-09-17T00:02:27.032Z] [SKU 31/37] DDR5 64GB 5600MT/s ECC RDIMM - Status: SUCCESS - Avg: $2756.57 (Range: $2399.00 - $3499.00) - Items: 10
[2026-09-17T00:02:28.616Z] [SKU 32/37] DDR5 64GB 6400MT/s ECC RDIMM - Status: SUCCESS - Avg: $3089.70 (Range: $2899.00 - $3474.99) - Items: 10
[2026-09-17T00:02:30.724Z] [SKU 33/37] DDR5 96GB 5600MT/s ECC RDIMM - Status: SUCCESS - Avg: $3587.00 (Range: $2550.00 - $3879.00) - Items: 10
[2026-09-17T00:02:32.692Z] [SKU 34/37] DDR5 128GB 5600MT/s ECC RDIMM - Status: SUCCESS - Avg: $4639.27 (Range: $987.25 - $12499.00) - Items: 8
[2026-09-17T00:02:34.227Z] [SKU 35/37] DDR5 128GB 4800MT/s ECC RDIMM - Status: SUCCESS - Avg: $3725.65 (Range: $362.50 - $5319.00) - Items: 10
[2026-09-17T00:02:36.173Z] [SKU 36/37] DDR5 128GB 5600MT/s ECC RDIMM - Status: SUCCESS - Avg: $4639.27 (Range: $987.25 - $12499.00) - Items: 8
[2026-09-17T00:02:38.332Z] [SKU 37/37] DDR5 256GB 4800MT/s ECC RDIMM - Status: SUCCESS - Avg: $5340.00 (Range: $720.00 - $7800.00) - Items: 3
[2026-09-17T00:02:38.839Z] === SYNC FINISHED - Total SKUs: 37, Success: 37, Failed: 0 - Source: eBay Production API - Overall: SUCCESS ===
[2026-09-18T00:01:33.950Z] === SYNC STARTED: Querying secondary server memory market data (37 SKUs) ===
[2026-09-18T00:01:34.257Z] Authenticated with eBay Production API. Processing 37 SKUs...
[2026-09-18T00:01:34.831Z] [SKU 1/37] DDR3 16GB 1333MT/s ECC RDIMM - Status: SUCCESS - Avg: $31.32 (Range: $6.99 - $120.00) - Items: 10
[2026-09-18T00:01:35.931Z] [SKU 2/37] DDR3 16GB 1600MT/s ECC RDIMM - Status: SUCCESS - Avg: $50.67 (Range: $7.47 - $377.25) - Items: 10
[2026-09-18T00:01:37.278Z] [SKU 3/37] DDR3 16GB 1866MT/s ECC RDIMM - Status: SUCCESS - Avg: $40.17 (Range: $6.25 - $186.75) - Items: 10
[2026-09-18T00:01:38.431Z] [SKU 4/37] DDR3 32GB 1333MT/s ECC RDIMM - Status: SUCCESS - Avg: $65.73 (Range: $6.13 - $444.00) - Items: 10
[2026-09-18T00:01:39.522Z] [SKU 5/37] DDR3 32GB 1600MT/s ECC RDIMM - Status: SUCCESS - Avg: $18.40 (Range: $4.38 - $29.99) - Items: 10
[2026-09-18T00:01:40.586Z] [SKU 6/37] DDR3 32GB 1866MT/s ECC RDIMM - Status: SUCCESS - Avg: $45.46 (Range: $8.85 - $234.00) - Items: 10
[2026-09-18T00:01:41.830Z] [SKU 7/37] DDR4 16GB 2133MT/s ECC RDIMM - Status: SUCCESS - Avg: $101.31 (Range: $30.00 - $400.00) - Items: 10
[2026-09-18T00:01:42.908Z] [SKU 8/37] DDR4 16GB 2400MT/s ECC RDIMM - Status: SUCCESS - Avg: $83.69 (Range: $65.99 - $149.97) - Items: 10
[2026-09-18T00:01:43.862Z] [SKU 9/37] DDR4 16GB 2666MT/s ECC RDIMM - Status: SUCCESS - Avg: $88.01 (Range: $37.49 - $179.99) - Items: 10
[2026-09-18T00:01:44.921Z] [SKU 10/37] DDR4 16GB 2933MT/s ECC RDIMM - Status: SUCCESS - Avg: $154.40 (Range: $78.99 - $350.00) - Items: 10
[2026-09-18T00:01:45.926Z] [SKU 11/37] DDR4 16GB 3200MT/s ECC RDIMM - Status: SUCCESS - Avg: $109.25 (Range: $79.95 - $171.86) - Items: 10
[2026-09-18T00:01:46.980Z] [SKU 12/37] DDR4 32GB 2133MT/s ECC RDIMM - Status: SUCCESS - Avg: $151.47 (Range: $61.74 - $199.00) - Items: 10
[2026-09-18T00:01:48.133Z] [SKU 13/37] DDR4 32GB 2400MT/s ECC RDIMM - Status: SUCCESS - Avg: $164.15 (Range: $100.00 - $199.95) - Items: 10
[2026-09-18T00:01:49.189Z] [SKU 14/37] DDR4 32GB 2666MT/s ECC RDIMM - Status: SUCCESS - Avg: $189.94 (Range: $80.00 - $279.00) - Items: 10
[2026-09-18T00:01:50.199Z] [SKU 15/37] DDR4 32GB 2933MT/s ECC RDIMM - Status: SUCCESS - Avg: $234.79 (Range: $85.06 - $350.00) - Items: 10
[2026-09-18T00:01:51.181Z] [SKU 16/37] DDR4 32GB 3200MT/s ECC RDIMM - Status: SUCCESS - Avg: $288.85 (Range: $89.50 - $400.00) - Items: 10
[2026-09-18T00:01:52.154Z] [SKU 17/37] DDR4 64GB 2133MT/s ECC RDIMM - Status: SUCCESS - Avg: $103.11 (Range: $57.25 - $375.00) - Items: 10
[2026-09-18T00:01:53.223Z] [SKU 18/37] DDR4 64GB 2400MT/s ECC RDIMM - Status: SUCCESS - Avg: $188.23 (Range: $43.63 - $390.00) - Items: 10
[2026-09-18T00:01:54.246Z] [SKU 19/37] DDR4 64GB 2666MT/s ECC RDIMM - Status: SUCCESS - Avg: $220.87 (Range: $75.00 - $399.97) - Items: 10
[2026-09-18T00:01:55.247Z] [SKU 20/37] DDR4 64GB 2933MT/s ECC RDIMM - Status: SUCCESS - Avg: $425.52 (Range: $87.25 - $599.00) - Items: 10
[2026-09-18T00:01:56.220Z] [SKU 21/37] DDR4 64GB 3200MT/s ECC RDIMM - Status: SUCCESS - Avg: $742.29 (Range: $550.00 - $917.99) - Items: 10
[2026-09-18T00:01:57.218Z] [SKU 22/37] DDR4 128GB 2666MT/s ECC RDIMM - Status: SUCCESS - Avg: $347.57 (Range: $79.99 - $800.00) - Items: 10
[2026-09-18T00:01:58.266Z] [SKU 23/37] DDR4 128GB 2933MT/s ECC RDIMM - Status: SUCCESS - Avg: $682.93 (Range: $143.75 - $1253.99) - Items: 10
[2026-09-18T00:01:59.301Z] [SKU 24/37] DDR4 128GB 3200MT/s ECC RDIMM - Status: SUCCESS - Avg: $1148.30 (Range: $150.00 - $4425.00) - Items: 10
[2026-09-18T00:02:00.408Z] [SKU 25/37] DDR5 16GB 4800MT/s ECC RDIMM - Status: SUCCESS - Avg: $1038.25 (Range: $469.93 - $2975.25) - Items: 10
[2026-09-18T00:02:01.416Z] [SKU 26/37] DDR5 16GB 5600MT/s ECC RDIMM - Status: SUCCESS - Avg: $1032.47 (Range: $449.97 - $2759.00) - Items: 10
[2026-09-18T00:02:02.527Z] [SKU 27/37] DDR5 32GB 4800MT/s ECC RDIMM - Status: SUCCESS - Avg: $1053.25 (Range: $399.50 - $1497.00) - Items: 10
[2026-09-18T00:02:03.498Z] [SKU 28/37] DDR5 32GB 5600MT/s ECC RDIMM - Status: SUCCESS - Avg: $1349.49 (Range: $1100.00 - $1699.00) - Items: 10
[2026-09-18T00:02:04.549Z] [SKU 29/37] DDR5 48GB 5600MT/s ECC RDIMM - Status: SUCCESS - Avg: $2729.20 (Range: $1850.00 - $3927.00) - Items: 5
[2026-09-18T00:02:05.579Z] [SKU 30/37] DDR5 64GB 4800MT/s ECC RDIMM - Status: SUCCESS - Avg: $3284.01 (Range: $1800.00 - $12000.00) - Items: 10
[2026-09-18T00:02:06.612Z] [SKU 31/37] DDR5 64GB 5600MT/s ECC RDIMM - Status: SUCCESS - Avg: $2801.30 (Range: $2399.00 - $3499.00) - Items: 10
[2026-09-18T00:02:07.629Z] [SKU 32/37] DDR5 64GB 6400MT/s ECC RDIMM - Status: SUCCESS - Avg: $3039.80 (Range: $2699.99 - $3474.99) - Items: 10
[2026-09-18T00:02:08.726Z] [SKU 33/37] DDR5 96GB 5600MT/s ECC RDIMM - Status: SUCCESS - Avg: $3557.40 (Range: $2550.00 - $3879.00) - Items: 10
[2026-09-18T00:02:09.782Z] [SKU 34/37] DDR5 128GB 5600MT/s ECC RDIMM - Status: SUCCESS - Avg: $4640.83 (Range: $999.75 - $12499.00) - Items: 8
[2026-09-18T00:02:10.836Z] [SKU 35/37] DDR5 128GB 4800MT/s ECC RDIMM - Status: SUCCESS - Avg: $3725.65 (Range: $362.50 - $5319.00) - Items: 10
[2026-09-18T00:02:11.861Z] [SKU 36/37] DDR5 128GB 5600MT/s ECC RDIMM - Status: SUCCESS - Avg: $4640.83 (Range: $999.75 - $12499.00) - Items: 8
[2026-09-18T00:02:12.849Z] [SKU 37/37] DDR5 256GB 4800MT/s ECC RDIMM - Status: SUCCESS - Avg: $5340.00 (Range: $720.00 - $7800.00) - Items: 3
[2026-09-18T00:02:13.357Z] === SYNC FINISHED - Total SKUs: 37, Success: 37, Failed: 0 - Source: eBay Production API - Overall: SUCCESS ===
[2026-09-19T00:01:34.901Z] === SYNC STARTED: Querying secondary server memory market data (37 SKUs) ===
[2026-09-19T00:01:35.417Z] Authenticated with eBay Production API. Processing 37 SKUs...
[2026-09-19T00:01:36.252Z] [SKU 1/37] DDR3 16GB 1333MT/s ECC RDIMM - Status: SUCCESS - Avg: $41.23 (Range: $16.99 - $192.75) - Items: 10
[2026-09-19T00:01:37.646Z] [SKU 2/37] DDR3 16GB 1600MT/s ECC RDIMM - Status: SUCCESS - Avg: $50.66 (Range: $7.47 - $377.25) - Items: 10
[2026-09-19T00:01:38.972Z] [SKU 3/37] DDR3 16GB 1866MT/s ECC RDIMM - Status: SUCCESS - Avg: $38.92 (Range: $6.25 - $185.25) - Items: 10
[2026-09-19T00:01:40.250Z] [SKU 4/37] DDR3 32GB 1333MT/s ECC RDIMM - Status: SUCCESS - Avg: $66.92 (Range: $6.13 - $444.00) - Items: 10
[2026-09-19T00:01:41.923Z] [SKU 5/37] DDR3 32GB 1600MT/s ECC RDIMM - Status: SUCCESS - Avg: $15.71 (Range: $9.68 - $29.99) - Items: 10
[2026-09-19T00:01:43.413Z] [SKU 6/37] DDR3 32GB 1866MT/s ECC RDIMM - Status: SUCCESS - Avg: $44.96 (Range: $8.85 - $234.00) - Items: 10
[2026-09-19T00:01:44.655Z] [SKU 7/37] DDR4 16GB 2133MT/s ECC RDIMM - Status: SUCCESS - Avg: $67.04 (Range: $30.00 - $109.99) - Items: 10
[2026-09-19T00:01:45.996Z] [SKU 8/37] DDR4 16GB 2400MT/s ECC RDIMM - Status: SUCCESS - Avg: $90.03 (Range: $65.99 - $149.97) - Items: 10
[2026-09-19T00:01:47.356Z] [SKU 9/37] DDR4 16GB 2666MT/s ECC RDIMM - Status: SUCCESS - Avg: $82.64 (Range: $37.50 - $179.99) - Items: 10
[2026-09-19T00:01:48.644Z] [SKU 10/37] DDR4 16GB 2933MT/s ECC RDIMM - Status: SUCCESS - Avg: $127.40 (Range: $78.99 - $339.99) - Items: 10
[2026-09-19T00:01:49.958Z] [SKU 11/37] DDR4 16GB 3200MT/s ECC RDIMM - Status: SUCCESS - Avg: $112.53 (Range: $79.95 - $187.99) - Items: 10
[2026-09-19T00:01:51.184Z] [SKU 12/37] DDR4 32GB 2133MT/s ECC RDIMM - Status: SUCCESS - Avg: $146.19 (Range: $61.74 - $199.00) - Items: 10
[2026-09-19T00:01:52.432Z] [SKU 13/37] DDR4 32GB 2400MT/s ECC RDIMM - Status: SUCCESS - Avg: $150.37 (Range: $90.00 - $199.95) - Items: 10
[2026-09-19T00:01:53.738Z] [SKU 14/37] DDR4 32GB 2666MT/s ECC RDIMM - Status: SUCCESS - Avg: $191.64 (Range: $59.99 - $399.00) - Items: 10
[2026-09-19T00:01:55.044Z] [SKU 15/37] DDR4 32GB 2933MT/s ECC RDIMM - Status: SUCCESS - Avg: $241.13 (Range: $149.99 - $324.99) - Items: 10
[2026-09-19T00:01:56.412Z] [SKU 16/37] DDR4 32GB 3200MT/s ECC RDIMM - Status: SUCCESS - Avg: $394.05 (Range: $89.50 - $1250.00) - Items: 10
[2026-09-19T00:01:57.879Z] [SKU 17/37] DDR4 64GB 2133MT/s ECC RDIMM - Status: SUCCESS - Avg: $103.89 (Range: $57.50 - $375.00) - Items: 10
[2026-09-19T00:01:59.275Z] [SKU 18/37] DDR4 64GB 2400MT/s ECC RDIMM - Status: SUCCESS - Avg: $174.46 (Range: $43.63 - $390.00) - Items: 10
[2026-09-19T00:02:00.750Z] [SKU 19/37] DDR4 64GB 2666MT/s ECC RDIMM - Status: SUCCESS - Avg: $310.45 (Range: $75.00 - $399.97) - Items: 10
[2026-09-19T00:02:02.314Z] [SKU 20/37] DDR4 64GB 2933MT/s ECC RDIMM - Status: SUCCESS - Avg: $395.52 (Range: $87.25 - $599.00) - Items: 10
[2026-09-19T00:02:03.981Z] [SKU 21/37] DDR4 64GB 3200MT/s ECC RDIMM - Status: SUCCESS - Avg: $717.39 (Range: $519.99 - $917.99) - Items: 10
[2026-09-19T00:02:06.087Z] [SKU 22/37] DDR4 128GB 2666MT/s ECC RDIMM - Status: SUCCESS - Avg: $356.57 (Range: $80.00 - $800.00) - Items: 10
[2026-09-19T00:02:07.222Z] [SKU 23/37] DDR4 128GB 2933MT/s ECC RDIMM - Status: SUCCESS - Avg: $597.40 (Range: $212.50 - $1253.99) - Items: 10
[2026-09-19T00:02:08.464Z] [SKU 24/37] DDR4 128GB 3200MT/s ECC RDIMM - Status: SUCCESS - Avg: $1137.67 (Range: $143.74 - $4425.00) - Items: 10
[2026-09-19T00:02:09.703Z] [SKU 25/37] DDR5 16GB 4800MT/s ECC RDIMM - Status: SUCCESS - Avg: $1302.62 (Range: $469.93 - $3400.00) - Items: 10
[2026-09-19T00:02:10.915Z] [SKU 26/37] DDR5 16GB 5600MT/s ECC RDIMM - Status: SUCCESS - Avg: $1154.38 (Range: $449.97 - $3600.00) - Items: 10
[2026-09-19T00:02:12.076Z] [SKU 27/37] DDR5 32GB 4800MT/s ECC RDIMM - Status: SUCCESS - Avg: $1054.25 (Range: $399.50 - $1497.00) - Items: 10
[2026-09-19T00:02:13.366Z] [SKU 28/37] DDR5 32GB 5600MT/s ECC RDIMM - Status: SUCCESS - Avg: $1495.55 (Range: $1100.00 - $2917.50) - Items: 10
[2026-09-19T00:02:14.574Z] [SKU 29/37] DDR5 48GB 5600MT/s ECC RDIMM - Status: SUCCESS - Avg: $2729.20 (Range: $1850.00 - $3927.00) - Items: 5
[2026-09-19T00:02:15.747Z] [SKU 30/37] DDR5 64GB 4800MT/s ECC RDIMM - Status: SUCCESS - Avg: $3419.70 (Range: $1800.00 - $12000.00) - Items: 10
[2026-09-19T00:02:16.842Z] [SKU 31/37] DDR5 64GB 5600MT/s ECC RDIMM - Status: SUCCESS - Avg: $2820.40 (Range: $2399.00 - $3499.00) - Items: 10
[2026-09-19T00:02:18.014Z] [SKU 32/37] DDR5 64GB 6400MT/s ECC RDIMM - Status: SUCCESS - Avg: $3100.90 (Range: $2699.99 - $3474.99) - Items: 10
[2026-09-19T00:02:19.083Z] [SKU 33/37] DDR5 96GB 5600MT/s ECC RDIMM - Status: SUCCESS - Avg: $3557.40 (Range: $2550.00 - $3879.00) - Items: 10
[2026-09-19T00:02:20.188Z] [SKU 34/37] DDR5 128GB 5600MT/s ECC RDIMM - Status: SUCCESS - Avg: $4558.52 (Range: $999.75 - $12499.00) - Items: 9
[2026-09-19T00:02:21.355Z] [SKU 35/37] DDR5 128GB 4800MT/s ECC RDIMM - Status: SUCCESS - Avg: $3789.40 (Range: $1000.00 - $5319.00) - Items: 10
[2026-09-19T00:02:22.447Z] [SKU 36/37] DDR5 128GB 5600MT/s ECC RDIMM - Status: SUCCESS - Avg: $4558.52 (Range: $999.75 - $12499.00) - Items: 9
[2026-09-19T00:02:23.575Z] [SKU 37/37] DDR5 256GB 4800MT/s ECC RDIMM - Status: SUCCESS - Avg: $5423.33 (Range: $720.00 - $7800.00) - Items: 3
[2026-09-19T00:02:24.081Z] === SYNC FINISHED - Total SKUs: 37, Success: 37, Failed: 0 - Source: eBay Production API - Overall: SUCCESS ===
[2026-09-20T00:01:42.608Z] === SYNC STARTED: Querying secondary server memory market data (37 SKUs) ===
[2026-09-20T00:01:42.968Z] Authenticated with eBay Production API. Processing 37 SKUs...
[2026-09-20T00:01:43.555Z] [SKU 1/37] DDR3 16GB 1333MT/s ECC RDIMM - Status: SUCCESS - Avg: $35.98 (Range: $9.97 - $192.75) - Items: 10
[2026-09-20T00:01:44.638Z] [SKU 2/37] DDR3 16GB 1600MT/s ECC RDIMM - Status: SUCCESS - Avg: $50.34 (Range: $7.47 - $377.25) - Items: 10
[2026-09-20T00:01:45.734Z] [SKU 3/37] DDR3 16GB 1866MT/s ECC RDIMM - Status: SUCCESS - Avg: $42.67 (Range: $9.99 - $185.25) - Items: 10
[2026-09-20T00:01:46.853Z] [SKU 4/37] DDR3 32GB 1333MT/s ECC RDIMM - Status: SUCCESS - Avg: $68.76 (Range: $7.50 - $444.00) - Items: 10
[2026-09-20T00:01:47.924Z] [SKU 5/37] DDR3 32GB 1600MT/s ECC RDIMM - Status: SUCCESS - Avg: $16.71 (Range: $9.68 - $29.99) - Items: 10
[2026-09-20T00:01:49.026Z] [SKU 6/37] DDR3 32GB 1866MT/s ECC RDIMM - Status: SUCCESS - Avg: $23.76 (Range: $8.85 - $40.00) - Items: 10
[2026-09-20T00:01:50.194Z] [SKU 7/37] DDR4 16GB 2133MT/s ECC RDIMM - Status: SUCCESS - Avg: $67.21 (Range: $30.00 - $109.99) - Items: 10
[2026-09-20T00:01:51.260Z] [SKU 8/37] DDR4 16GB 2400MT/s ECC RDIMM - Status: SUCCESS - Avg: $70.44 (Range: $13.50 - $86.00) - Items: 10
[2026-09-20T00:01:52.440Z] [SKU 9/37] DDR4 16GB 2666MT/s ECC RDIMM - Status: SUCCESS - Avg: $79.16 (Range: $37.50 - $179.99) - Items: 10
[2026-09-20T00:01:53.573Z] [SKU 10/37] DDR4 16GB 2933MT/s ECC RDIMM - Status: SUCCESS - Avg: $99.40 (Range: $65.00 - $139.99) - Items: 10
[2026-09-20T00:01:54.591Z] [SKU 11/37] DDR4 16GB 3200MT/s ECC RDIMM - Status: SUCCESS - Avg: $101.78 (Range: $70.00 - $187.99) - Items: 10
[2026-09-20T00:01:55.595Z] [SKU 12/37] DDR4 32GB 2133MT/s ECC RDIMM - Status: SUCCESS - Avg: $121.41 (Range: $30.00 - $199.00) - Items: 10
[2026-09-20T00:01:56.611Z] [SKU 13/37] DDR4 32GB 2400MT/s ECC RDIMM - Status: SUCCESS - Avg: $189.13 (Range: $32.50 - $550.00) - Items: 10
[2026-09-20T00:01:57.640Z] [SKU 14/37] DDR4 32GB 2666MT/s ECC RDIMM - Status: SUCCESS - Avg: $203.28 (Range: $149.95 - $320.00) - Items: 10
[2026-09-20T00:01:58.588Z] [SKU 15/37] DDR4 32GB 2933MT/s ECC RDIMM - Status: SUCCESS - Avg: $230.55 (Range: $155.99 - $259.99) - Items: 10
[2026-09-20T00:01:59.903Z] [SKU 16/37] DDR4 32GB 3200MT/s ECC RDIMM - Status: SUCCESS - Avg: $323.60 (Range: $85.00 - $550.00) - Items: 10
[2026-09-20T00:02:00.909Z] [SKU 17/37] DDR4 64GB 2133MT/s ECC RDIMM - Status: SUCCESS - Avg: $105.14 (Range: $50.00 - $375.00) - Items: 10
[2026-09-20T00:02:01.981Z] [SKU 18/37] DDR4 64GB 2400MT/s ECC RDIMM - Status: SUCCESS - Avg: $206.17 (Range: $43.63 - $390.00) - Items: 10
[2026-09-20T00:02:02.944Z] [SKU 19/37] DDR4 64GB 2666MT/s ECC RDIMM - Status: SUCCESS - Avg: $272.30 (Range: $75.00 - $399.97) - Items: 10
[2026-09-20T00:02:04.097Z] [SKU 20/37] DDR4 64GB 2933MT/s ECC RDIMM - Status: SUCCESS - Avg: $369.52 (Range: $80.00 - $599.00) - Items: 10
[2026-09-20T00:02:05.139Z] [SKU 21/37] DDR4 64GB 3200MT/s ECC RDIMM - Status: SUCCESS - Avg: $646.69 (Range: $220.00 - $869.00) - Items: 10
[2026-09-20T00:02:06.159Z] [SKU 22/37] DDR4 128GB 2666MT/s ECC RDIMM - Status: SUCCESS - Avg: $354.98 (Range: $74.38 - $800.00) - Items: 10
[2026-09-20T00:02:07.150Z] [SKU 23/37] DDR4 128GB 2933MT/s ECC RDIMM - Status: SUCCESS - Avg: $594.04 (Range: $178.56 - $1253.99) - Items: 10
[2026-09-20T00:02:08.247Z] [SKU 24/37] DDR4 128GB 3200MT/s ECC RDIMM - Status: SUCCESS - Avg: $1566.10 (Range: $150.00 - $4428.00) - Items: 10
[2026-09-20T00:02:09.281Z] [SKU 25/37] DDR5 16GB 4800MT/s ECC RDIMM - Status: SUCCESS - Avg: $1289.00 (Range: $400.00 - $3400.00) - Items: 10
[2026-09-20T00:02:10.300Z] [SKU 26/37] DDR5 16GB 5600MT/s ECC RDIMM - Status: SUCCESS - Avg: $1140.85 (Range: $449.97 - $3600.00) - Items: 10
[2026-09-20T00:02:11.290Z] [SKU 27/37] DDR5 32GB 4800MT/s ECC RDIMM - Status: SUCCESS - Avg: $1054.25 (Range: $399.50 - $1497.00) - Items: 10
[2026-09-20T00:02:12.297Z] [SKU 28/37] DDR5 32GB 5600MT/s ECC RDIMM - Status: SUCCESS - Avg: $1458.05 (Range: $900.00 - $2917.50) - Items: 10
[2026-09-20T00:02:13.250Z] [SKU 29/37] DDR5 48GB 5600MT/s ECC RDIMM - Status: SUCCESS - Avg: $2729.20 (Range: $1850.00 - $3927.00) - Items: 5
[2026-09-20T00:02:14.316Z] [SKU 30/37] DDR5 64GB 4800MT/s ECC RDIMM - Status: SUCCESS - Avg: $2402.30 (Range: $1800.00 - $2900.00) - Items: 10
[2026-09-20T00:02:15.330Z] [SKU 31/37] DDR5 64GB 5600MT/s ECC RDIMM - Status: SUCCESS - Avg: $2640.60 (Range: $899.99 - $3499.00) - Items: 10
[2026-09-20T00:02:16.358Z] [SKU 32/37] DDR5 64GB 6400MT/s ECC RDIMM - Status: SUCCESS - Avg: $3100.90 (Range: $2699.99 - $3474.99) - Items: 10
[2026-09-20T00:02:17.339Z] [SKU 33/37] DDR5 96GB 5600MT/s ECC RDIMM - Status: SUCCESS - Avg: $3557.40 (Range: $2550.00 - $3879.00) - Items: 10
[2026-09-20T00:02:18.344Z] [SKU 34/37] DDR5 128GB 5600MT/s ECC RDIMM - Status: SUCCESS - Avg: $4558.52 (Range: $999.75 - $12499.00) - Items: 9
[2026-09-20T00:02:19.451Z] [SKU 35/37] DDR5 128GB 4800MT/s ECC RDIMM - Status: SUCCESS - Avg: $3467.50 (Range: $1000.00 - $5318.00) - Items: 10
[2026-09-20T00:02:20.389Z] [SKU 36/37] DDR5 128GB 5600MT/s ECC RDIMM - Status: SUCCESS - Avg: $4558.52 (Range: $999.75 - $12499.00) - Items: 9
[2026-09-20T00:02:21.322Z] [SKU 37/37] DDR5 256GB 4800MT/s ECC RDIMM - Status: SUCCESS - Avg: $5423.33 (Range: $720.00 - $7800.00) - Items: 3
[2026-09-20T00:02:21.827Z] === SYNC FINISHED - Total SKUs: 37, Success: 37, Failed: 0 - Source: eBay Production API - Overall: SUCCESS ===
[2026-09-21T00:01:52.242Z] === SYNC STARTED: Querying secondary server memory market data (37 SKUs) ===
[2026-09-21T00:01:52.836Z] Authenticated with eBay Production API. Processing 37 SKUs...
[2026-09-21T00:01:53.454Z] [SKU 1/37] DDR3 16GB 1333MT/s ECC RDIMM - Status: SUCCESS - Avg: $38.15 (Range: $9.97 - $192.75) - Items: 10
[2026-09-21T00:01:54.535Z] [SKU 2/37] DDR3 16GB 1600MT/s ECC RDIMM - Status: SUCCESS - Avg: $50.78 (Range: $7.47 - $377.25) - Items: 10
[2026-09-21T00:01:55.542Z] [SKU 3/37] DDR3 16GB 1866MT/s ECC RDIMM - Status: SUCCESS - Avg: $43.99 (Range: $9.99 - $185.25) - Items: 10
[2026-09-21T00:01:56.624Z] [SKU 4/37] DDR3 32GB 1333MT/s ECC RDIMM - Status: SUCCESS - Avg: $65.31 (Range: $6.13 - $444.00) - Items: 10
[2026-09-21T00:01:57.768Z] [SKU 5/37] DDR3 32GB 1600MT/s ECC RDIMM - Status: SUCCESS - Avg: $16.51 (Range: $8.00 - $29.99) - Items: 10
[2026-09-21T00:01:58.812Z] [SKU 6/37] DDR3 32GB 1866MT/s ECC RDIMM - Status: SUCCESS - Avg: $22.51 (Range: $8.85 - $40.00) - Items: 10
[2026-09-21T00:01:59.871Z] [SKU 7/37] DDR4 16GB 2133MT/s ECC RDIMM - Status: SUCCESS - Avg: $69.29 (Range: $30.00 - $109.99) - Items: 10
[2026-09-21T00:02:00.890Z] [SKU 8/37] DDR4 16GB 2400MT/s ECC RDIMM - Status: SUCCESS - Avg: $77.39 (Range: $65.99 - $94.99) - Items: 10
[2026-09-21T00:02:01.972Z] [SKU 9/37] DDR4 16GB 2666MT/s ECC RDIMM - Status: SUCCESS - Avg: $79.96 (Range: $37.50 - $150.00) - Items: 10
[2026-09-21T00:02:02.996Z] [SKU 10/37] DDR4 16GB 2933MT/s ECC RDIMM - Status: SUCCESS - Avg: $98.63 (Range: $58.33 - $139.99) - Items: 10
[2026-09-21T00:02:04.070Z] [SKU 11/37] DDR4 16GB 3200MT/s ECC RDIMM - Status: SUCCESS - Avg: $115.76 (Range: $70.00 - $187.99) - Items: 10
[2026-09-21T00:02:05.166Z] [SKU 12/37] DDR4 32GB 2133MT/s ECC RDIMM - Status: SUCCESS - Avg: $128.81 (Range: $32.49 - $200.00) - Items: 10
[2026-09-21T00:02:06.147Z] [SKU 13/37] DDR4 32GB 2400MT/s ECC RDIMM - Status: SUCCESS - Avg: $197.82 (Range: $148.17 - $400.00) - Items: 10
[2026-09-21T00:02:07.185Z] [SKU 14/37] DDR4 32GB 2666MT/s ECC RDIMM - Status: SUCCESS - Avg: $187.94 (Range: $69.50 - $279.00) - Items: 10
[2026-09-21T00:02:08.209Z] [SKU 15/37] DDR4 32GB 2933MT/s ECC RDIMM - Status: SUCCESS - Avg: $231.25 (Range: $190.00 - $259.99) - Items: 10
[2026-09-21T00:02:09.195Z] [SKU 16/37] DDR4 32GB 3200MT/s ECC RDIMM - Status: SUCCESS - Avg: $282.35 (Range: $75.00 - $400.00) - Items: 10
[2026-09-21T00:02:10.104Z] [SKU 17/37] DDR4 64GB 2133MT/s ECC RDIMM - Status: SUCCESS - Avg: $121.39 (Range: $57.50 - $375.00) - Items: 10
[2026-09-21T00:02:11.154Z] [SKU 18/37] DDR4 64GB 2400MT/s ECC RDIMM - Status: SUCCESS - Avg: $229.42 (Range: $43.63 - $390.00) - Items: 10
[2026-09-21T00:02:12.159Z] [SKU 19/37] DDR4 64GB 2666MT/s ECC RDIMM - Status: SUCCESS - Avg: $242.30 (Range: $75.00 - $399.00) - Items: 10
[2026-09-21T00:02:13.213Z] [SKU 20/37] DDR4 64GB 2933MT/s ECC RDIMM - Status: SUCCESS - Avg: $360.19 (Range: $80.00 - $599.00) - Items: 10
[2026-09-21T00:02:14.206Z] [SKU 21/37] DDR4 64GB 3200MT/s ECC RDIMM - Status: SUCCESS - Avg: $725.09 (Range: $550.00 - $869.00) - Items: 10
[2026-09-21T00:02:15.272Z] [SKU 22/37] DDR4 128GB 2666MT/s ECC RDIMM - Status: SUCCESS - Avg: $467.73 (Range: $74.38 - $800.00) - Items: 10
[2026-09-21T00:02:16.337Z] [SKU 23/37] DDR4 128GB 2933MT/s ECC RDIMM - Status: SUCCESS - Avg: $651.25 (Range: $160.69 - $1253.99) - Items: 10
[2026-09-21T00:02:17.311Z] [SKU 24/37] DDR4 128GB 3200MT/s ECC RDIMM - Status: SUCCESS - Avg: $1502.07 (Range: $143.74 - $4428.00) - Items: 10
[2026-09-21T00:02:18.382Z] [SKU 25/37] DDR5 16GB 4800MT/s ECC RDIMM - Status: SUCCESS - Avg: $1001.62 (Range: $400.00 - $2975.25) - Items: 10
[2026-09-21T00:02:19.526Z] [SKU 26/37] DDR5 16GB 5600MT/s ECC RDIMM - Status: SUCCESS - Avg: $1140.85 (Range: $449.97 - $3600.00) - Items: 10
[2026-09-21T00:02:20.629Z] [SKU 27/37] DDR5 32GB 4800MT/s ECC RDIMM - Status: SUCCESS - Avg: $1149.11 (Range: $399.50 - $2433.00) - Items: 10
[2026-09-21T00:02:21.659Z] [SKU 28/37] DDR5 32GB 5600MT/s ECC RDIMM - Status: SUCCESS - Avg: $1495.55 (Range: $1100.00 - $2917.50) - Items: 10
[2026-09-21T00:02:22.765Z] [SKU 29/37] DDR5 48GB 5600MT/s ECC RDIMM - Status: SUCCESS - Avg: $2729.20 (Range: $1850.00 - $3927.00) - Items: 5
[2026-09-21T00:02:23.905Z] [SKU 30/37] DDR5 64GB 4800MT/s ECC RDIMM - Status: SUCCESS - Avg: $2432.40 (Range: $1800.00 - $2900.00) - Items: 10
[2026-09-21T00:02:25.229Z] [SKU 31/37] DDR5 64GB 5600MT/s ECC RDIMM - Status: SUCCESS - Avg: $2800.60 (Range: $2399.00 - $3499.00) - Items: 10
[2026-09-21T00:02:26.223Z] [SKU 32/37] DDR5 64GB 6400MT/s ECC RDIMM - Status: SUCCESS - Avg: $3100.90 (Range: $2699.99 - $3474.99) - Items: 10
[2026-09-21T00:02:27.201Z] [SKU 33/37] DDR5 96GB 5600MT/s ECC RDIMM - Status: SUCCESS - Avg: $3557.40 (Range: $2550.00 - $3879.00) - Items: 10
[2026-09-21T00:02:28.154Z] [SKU 34/37] DDR5 128GB 5600MT/s ECC RDIMM - Status: SUCCESS - Avg: $4558.52 (Range: $999.75 - $12499.00) - Items: 9
[2026-09-21T00:02:29.132Z] [SKU 35/37] DDR5 128GB 4800MT/s ECC RDIMM - Status: SUCCESS - Avg: $3472.50 (Range: $1000.00 - $5318.00) - Items: 10
[2026-09-21T00:02:30.150Z] [SKU 36/37] DDR5 128GB 5600MT/s ECC RDIMM - Status: SUCCESS - Avg: $4558.52 (Range: $999.75 - $12499.00) - Items: 9
[2026-09-21T00:02:31.206Z] [SKU 37/37] DDR5 256GB 4800MT/s ECC RDIMM - Status: SUCCESS - Avg: $5423.33 (Range: $720.00 - $7800.00) - Items: 3
[2026-09-21T00:02:31.713Z] === SYNC FINISHED - Total SKUs: 37, Success: 37, Failed: 0 - Source: eBay Production API - Overall: SUCCESS ===
[2026-09-22T00:01:58.746Z] === SYNC STARTED: Querying secondary server memory market data (37 SKUs) ===
[2026-09-22T00:01:59.256Z] Authenticated with eBay Production API. Processing 37 SKUs...
[2026-09-22T00:02:00.032Z] [SKU 1/37] DDR3 16GB 1333MT/s ECC RDIMM - Status: SUCCESS - Avg: $34.98 (Range: $9.97 - $192.75) - Items: 10
[2026-09-22T00:02:01.191Z] [SKU 2/37] DDR3 16GB 1600MT/s ECC RDIMM - Status: SUCCESS - Avg: $14.58 (Range: $7.47 - $23.96) - Items: 10
[2026-09-22T00:02:02.475Z] [SKU 3/37] DDR3 16GB 1866MT/s ECC RDIMM - Status: SUCCESS - Avg: $55.55 (Range: $8.85 - $186.75) - Items: 10
[2026-09-22T00:02:03.608Z] [SKU 4/37] DDR3 32GB 1333MT/s ECC RDIMM - Status: SUCCESS - Avg: $67.86 (Range: $7.50 - $435.00) - Items: 10
[2026-09-22T00:02:04.829Z] [SKU 5/37] DDR3 32GB 1600MT/s ECC RDIMM - Status: SUCCESS - Avg: $20.55 (Range: $8.00 - $31.25) - Items: 10
[2026-09-22T00:02:05.948Z] [SKU 6/37] DDR3 32GB 1866MT/s ECC RDIMM - Status: SUCCESS - Avg: $22.01 (Range: $8.85 - $40.00) - Items: 10
[2026-09-22T00:02:07.132Z] [SKU 7/37] DDR4 16GB 2133MT/s ECC RDIMM - Status: SUCCESS - Avg: $65.78 (Range: $30.00 - $109.99) - Items: 10
[2026-09-22T00:02:08.295Z] [SKU 8/37] DDR4 16GB 2400MT/s ECC RDIMM - Status: SUCCESS - Avg: $73.21 (Range: $56.25 - $85.00) - Items: 10
[2026-09-22T00:02:09.432Z] [SKU 9/37] DDR4 16GB 2666MT/s ECC RDIMM - Status: SUCCESS - Avg: $65.79 (Range: $34.99 - $107.99) - Items: 10
[2026-09-22T00:02:10.491Z] [SKU 10/37] DDR4 16GB 2933MT/s ECC RDIMM - Status: SUCCESS - Avg: $104.45 (Range: $77.50 - $139.99) - Items: 10
[2026-09-22T00:02:11.554Z] [SKU 11/37] DDR4 16GB 3200MT/s ECC RDIMM - Status: SUCCESS - Avg: $114.18 (Range: $75.00 - $187.99) - Items: 10
[2026-09-22T00:02:12.667Z] [SKU 12/37] DDR4 32GB 2133MT/s ECC RDIMM - Status: SUCCESS - Avg: $114.56 (Range: $32.49 - $199.00) - Items: 10
[2026-09-22T00:02:13.801Z] [SKU 13/37] DDR4 32GB 2400MT/s ECC RDIMM - Status: SUCCESS - Avg: $188.40 (Range: $135.00 - $400.00) - Items: 10
[2026-09-22T00:02:14.953Z] [SKU 14/37] DDR4 32GB 2666MT/s ECC RDIMM - Status: SUCCESS - Avg: $180.79 (Range: $75.00 - $279.00) - Items: 10
[2026-09-22T00:02:16.173Z] [SKU 15/37] DDR4 32GB 2933MT/s ECC RDIMM - Status: SUCCESS - Avg: $242.76 (Range: $165.00 - $324.99) - Items: 10
[2026-09-22T00:02:17.205Z] [SKU 16/37] DDR4 32GB 3200MT/s ECC RDIMM - Status: SUCCESS - Avg: $330.80 (Range: $227.00 - $400.00) - Items: 10
[2026-09-22T00:02:18.360Z] [SKU 17/37] DDR4 64GB 2133MT/s ECC RDIMM - Status: SUCCESS - Avg: $164.37 (Range: $61.41 - $375.00) - Items: 10
[2026-09-22T00:02:19.551Z] [SKU 18/37] DDR4 64GB 2400MT/s ECC RDIMM - Status: SUCCESS - Avg: $207.54 (Range: $43.63 - $390.00) - Items: 10
[2026-09-22T00:02:20.827Z] [SKU 19/37] DDR4 64GB 2666MT/s ECC RDIMM - Status: SUCCESS - Avg: $235.42 (Range: $75.00 - $379.99) - Items: 10
[2026-09-22T00:02:22.053Z] [SKU 20/37] DDR4 64GB 2933MT/s ECC RDIMM - Status: SUCCESS - Avg: $396.89 (Range: $77.50 - $599.00) - Items: 10
[2026-09-22T00:02:23.108Z] [SKU 21/37] DDR4 64GB 3200MT/s ECC RDIMM - Status: SUCCESS - Avg: $741.39 (Range: $519.99 - $917.99) - Items: 10
[2026-09-22T00:02:24.193Z] [SKU 22/37] DDR4 128GB 2666MT/s ECC RDIMM - Status: SUCCESS - Avg: $461.23 (Range: $74.38 - $800.00) - Items: 10
[2026-09-22T00:02:25.288Z] [SKU 23/37] DDR4 128GB 2933MT/s ECC RDIMM - Status: SUCCESS - Avg: $671.35 (Range: $160.69 - $1253.99) - Items: 10
[2026-09-22T00:02:26.390Z] [SKU 24/37] DDR4 128GB 3200MT/s ECC RDIMM - Status: SUCCESS - Avg: $1497.70 (Range: $100.00 - $4428.00) - Items: 10
[2026-09-22T00:02:27.520Z] [SKU 25/37] DDR5 16GB 4800MT/s ECC RDIMM - Status: SUCCESS - Avg: $1255.02 (Range: $400.00 - $2976.00) - Items: 10
[2026-09-22T00:02:28.568Z] [SKU 26/37] DDR5 16GB 5600MT/s ECC RDIMM - Status: SUCCESS - Avg: $812.97 (Range: $449.97 - $2850.00) - Items: 10
[2026-09-22T00:02:29.899Z] [SKU 27/37] DDR5 32GB 4800MT/s ECC RDIMM - Status: SUCCESS - Avg: $1109.05 (Range: $399.50 - $1497.00) - Items: 10
[2026-09-22T00:02:31.056Z] [SKU 28/37] DDR5 32GB 5600MT/s ECC RDIMM - Status: SUCCESS - Avg: $1491.24 (Range: $1100.00 - $2917.50) - Items: 10
[2026-09-22T00:02:32.159Z] [SKU 29/37] DDR5 48GB 5600MT/s ECC RDIMM - Status: SUCCESS - Avg: $2729.20 (Range: $1850.00 - $3927.00) - Items: 5
[2026-09-22T00:02:33.267Z] [SKU 30/37] DDR5 64GB 4800MT/s ECC RDIMM - Status: SUCCESS - Avg: $2417.40 (Range: $1800.00 - $2900.00) - Items: 10
[2026-09-22T00:02:34.395Z] [SKU 31/37] DDR5 64GB 5600MT/s ECC RDIMM - Status: SUCCESS - Avg: $2805.50 (Range: $2399.00 - $3499.00) - Items: 10
[2026-09-22T00:02:35.663Z] [SKU 32/37] DDR5 64GB 6400MT/s ECC RDIMM - Status: SUCCESS - Avg: $2965.00 (Range: $1900.00 - $3474.99) - Items: 10
[2026-09-22T00:02:36.929Z] [SKU 33/37] DDR5 96GB 5600MT/s ECC RDIMM - Status: SUCCESS - Avg: $3557.40 (Range: $2550.00 - $3879.00) - Items: 10
[2026-09-22T00:02:38.000Z] [SKU 34/37] DDR5 128GB 5600MT/s ECC RDIMM - Status: SUCCESS - Avg: $4558.52 (Range: $999.75 - $12499.00) - Items: 9
[2026-09-22T00:02:39.132Z] [SKU 35/37] DDR5 128GB 4800MT/s ECC RDIMM - Status: SUCCESS - Avg: $3472.50 (Range: $1000.00 - $5318.00) - Items: 10
[2026-09-22T00:02:40.257Z] [SKU 36/37] DDR5 128GB 5600MT/s ECC RDIMM - Status: SUCCESS - Avg: $4558.52 (Range: $999.75 - $12499.00) - Items: 9
[2026-09-22T00:02:41.341Z] [SKU 37/37] DDR5 256GB 4800MT/s ECC RDIMM - Status: SUCCESS - Avg: $5992.50 (Range: $720.00 - $7800.00) - Items: 4
[2026-09-22T00:02:41.848Z] === SYNC FINISHED - Total SKUs: 37, Success: 37, Failed: 0 - Source: eBay Production API - Overall: SUCCESS ===
[2026-09-23T00:02:10.556Z] === SYNC STARTED: Querying secondary server memory market data (37 SKUs) ===
[2026-09-23T00:02:10.813Z] Authenticated with eBay Production API. Processing 37 SKUs...
[2026-09-23T00:02:11.292Z] [SKU 1/37] DDR3 16GB 1333MT/s ECC RDIMM - Status: SUCCESS - Avg: $36.80 (Range: $8.00 - $192.75) - Items: 10
[2026-09-23T00:02:12.291Z] [SKU 2/37] DDR3 16GB 1600MT/s ECC RDIMM - Status: SUCCESS - Avg: $16.77 (Range: $7.47 - $30.00) - Items: 10
[2026-09-23T00:02:13.324Z] [SKU 3/37] DDR3 16GB 1866MT/s ECC RDIMM - Status: SUCCESS - Avg: $54.11 (Range: $9.99 - $186.75) - Items: 10
[2026-09-23T00:02:14.423Z] [SKU 4/37] DDR3 32GB 1333MT/s ECC RDIMM - Status: SUCCESS - Avg: $63.87 (Range: $6.13 - $435.00) - Items: 10
[2026-09-23T00:02:15.464Z] [SKU 5/37] DDR3 32GB 1600MT/s ECC RDIMM - Status: SUCCESS - Avg: $17.82 (Range: $5.00 - $31.25) - Items: 10
[2026-09-23T00:02:16.691Z] [SKU 6/37] DDR3 32GB 1866MT/s ECC RDIMM - Status: SUCCESS - Avg: $24.07 (Range: $12.50 - $40.00) - Items: 10
[2026-09-23T00:02:17.732Z] [SKU 7/37] DDR4 16GB 2133MT/s ECC RDIMM - Status: SUCCESS - Avg: $110.02 (Range: $27.00 - $568.00) - Items: 10
[2026-09-23T00:02:18.815Z] [SKU 8/37] DDR4 16GB 2400MT/s ECC RDIMM - Status: SUCCESS - Avg: $87.49 (Range: $64.95 - $149.97) - Items: 10
[2026-09-23T00:02:19.811Z] [SKU 9/37] DDR4 16GB 2666MT/s ECC RDIMM - Status: SUCCESS - Avg: $76.80 (Range: $34.99 - $107.99) - Items: 10
[2026-09-23T00:02:21.124Z] [SKU 10/37] DDR4 16GB 2933MT/s ECC RDIMM - Status: SUCCESS - Avg: $101.89 (Range: $70.00 - $139.99) - Items: 10
[2026-09-23T00:02:22.162Z] [SKU 11/37] DDR4 16GB 3200MT/s ECC RDIMM - Status: SUCCESS - Avg: $119.71 (Range: $82.50 - $187.99) - Items: 10
[2026-09-23T00:02:23.109Z] [SKU 12/37] DDR4 32GB 2133MT/s ECC RDIMM - Status: SUCCESS - Avg: $125.59 (Range: $32.25 - $199.00) - Items: 10
[2026-09-23T00:02:24.080Z] [SKU 13/37] DDR4 32GB 2400MT/s ECC RDIMM - Status: SUCCESS - Avg: $199.40 (Range: $145.00 - $400.00) - Items: 10
[2026-09-23T00:02:25.029Z] [SKU 14/37] DDR4 32GB 2666MT/s ECC RDIMM - Status: SUCCESS - Avg: $223.79 (Range: $80.00 - $339.99) - Items: 10
[2026-09-23T00:02:26.175Z] [SKU 15/37] DDR4 32GB 2933MT/s ECC RDIMM - Status: SUCCESS - Avg: $330.29 (Range: $190.00 - $1099.99) - Items: 10
[2026-09-23T00:02:27.167Z] [SKU 16/37] DDR4 32GB 3200MT/s ECC RDIMM - Status: SUCCESS - Avg: $344.20 (Range: $289.99 - $400.00) - Items: 10
[2026-09-23T00:02:28.125Z] [SKU 17/37] DDR4 64GB 2133MT/s ECC RDIMM - Status: SUCCESS - Avg: $130.62 (Range: $32.25 - $375.00) - Items: 10
[2026-09-23T00:02:29.119Z] [SKU 18/37] DDR4 64GB 2400MT/s ECC RDIMM - Status: SUCCESS - Avg: $228.46 (Range: $43.63 - $465.42) - Items: 10
[2026-09-23T00:02:30.108Z] [SKU 19/37] DDR4 64GB 2666MT/s ECC RDIMM - Status: SUCCESS - Avg: $268.80 (Range: $75.00 - $383.51) - Items: 10
[2026-09-23T00:02:31.036Z] [SKU 20/37] DDR4 64GB 2933MT/s ECC RDIMM - Status: SUCCESS - Avg: $394.02 (Range: $85.00 - $599.99) - Items: 10
[2026-09-23T00:02:32.027Z] [SKU 21/37] DDR4 64GB 3200MT/s ECC RDIMM - Status: SUCCESS - Avg: $610.92 (Range: $82.50 - $869.00) - Items: 10
[2026-09-23T00:02:33.201Z] [SKU 22/37] DDR4 128GB 2666MT/s ECC RDIMM - Status: SUCCESS - Avg: $474.29 (Range: $80.00 - $800.00) - Items: 10
[2026-09-23T00:02:34.153Z] [SKU 23/37] DDR4 128GB 2933MT/s ECC RDIMM - Status: SUCCESS - Avg: $711.89 (Range: $92.13 - $1253.99) - Items: 10
[2026-09-23T00:02:35.173Z] [SKU 24/37] DDR4 128GB 3200MT/s ECC RDIMM - Status: SUCCESS - Avg: $1558.10 (Range: $150.00 - $4428.00) - Items: 10
[2026-09-23T00:02:36.162Z] [SKU 25/37] DDR5 16GB 4800MT/s ECC RDIMM - Status: SUCCESS - Avg: $1507.32 (Range: $499.94 - $2976.00) - Items: 10
[2026-09-23T00:02:37.105Z] [SKU 26/37] DDR5 16GB 5600MT/s ECC RDIMM - Status: SUCCESS - Avg: $1051.47 (Range: $449.97 - $2859.00) - Items: 10
[2026-09-23T00:02:38.054Z] [SKU 27/37] DDR5 32GB 4800MT/s ECC RDIMM - Status: SUCCESS - Avg: $1164.80 (Range: $774.97 - $1497.00) - Items: 10
[2026-09-23T00:02:39.059Z] [SKU 28/37] DDR5 32GB 5600MT/s ECC RDIMM - Status: SUCCESS - Avg: $1520.55 (Range: $1100.00 - $2917.50) - Items: 10
[2026-09-23T00:02:39.998Z] [SKU 29/37] DDR5 48GB 5600MT/s ECC RDIMM - Status: SUCCESS - Avg: $2729.20 (Range: $1850.00 - $3927.00) - Items: 5
[2026-09-23T00:02:41.000Z] [SKU 30/37] DDR5 64GB 4800MT/s ECC RDIMM - Status: SUCCESS - Avg: $2407.30 (Range: $1800.00 - $2900.00) - Items: 10
[2026-09-23T00:02:42.013Z] [SKU 31/37] DDR5 64GB 5600MT/s ECC RDIMM - Status: SUCCESS - Avg: $2825.20 (Range: $2399.00 - $3499.00) - Items: 10
[2026-09-23T00:02:43.182Z] [SKU 32/37] DDR5 64GB 6400MT/s ECC RDIMM - Status: SUCCESS - Avg: $3165.80 (Range: $2800.00 - $3474.99) - Items: 10
[2026-09-23T00:02:44.193Z] [SKU 33/37] DDR5 96GB 5600MT/s ECC RDIMM - Status: SUCCESS - Avg: $3557.40 (Range: $2550.00 - $3879.00) - Items: 10
[2026-09-23T00:02:45.398Z] [SKU 34/37] DDR5 128GB 5600MT/s ECC RDIMM - Status: SUCCESS - Avg: $4557.85 (Range: $999.75 - $12499.00) - Items: 9
[2026-09-23T00:02:46.362Z] [SKU 35/37] DDR5 128GB 4800MT/s ECC RDIMM - Status: SUCCESS - Avg: $3420.35 (Range: $1000.00 - $5318.00) - Items: 10
[2026-09-23T00:02:47.333Z] [SKU 36/37] DDR5 128GB 5600MT/s ECC RDIMM - Status: SUCCESS - Avg: $4557.85 (Range: $999.75 - $12499.00) - Items: 9
[2026-09-23T00:02:48.304Z] [SKU 37/37] DDR5 256GB 4800MT/s ECC RDIMM - Status: SUCCESS - Avg: $5992.50 (Range: $720.00 - $7800.00) - Items: 4
[2026-09-23T00:02:48.812Z] === SYNC FINISHED - Total SKUs: 37, Success: 37, Failed: 0 - Source: eBay Production API - Overall: SUCCESS ===
[2026-09-24T00:01:34.215Z] === SYNC STARTED: Querying secondary server memory market data (37 SKUs) ===
[2026-09-24T00:01:34.791Z] Authenticated with eBay Production API. Processing 37 SKUs...
[2026-09-24T00:01:35.645Z] [SKU 1/37] DDR3 16GB 1333MT/s ECC RDIMM - Status: SUCCESS - Avg: $43.21 (Range: $8.00 - $257.00) - Items: 10
[2026-09-24T00:01:36.926Z] [SKU 2/37] DDR3 16GB 1600MT/s ECC RDIMM - Status: SUCCESS - Avg: $14.47 (Range: $7.47 - $23.96) - Items: 10
[2026-09-24T00:01:38.238Z] [SKU 3/37] DDR3 16GB 1866MT/s ECC RDIMM - Status: SUCCESS - Avg: $28.77 (Range: $9.99 - $55.55) - Items: 10
[2026-09-24T00:01:39.753Z] [SKU 4/37] DDR3 32GB 1333MT/s ECC RDIMM - Status: SUCCESS - Avg: $78.12 (Range: $6.13 - $580.00) - Items: 10
[2026-09-24T00:01:41.360Z] [SKU 5/37] DDR3 32GB 1600MT/s ECC RDIMM - Status: SUCCESS - Avg: $19.52 (Range: $5.00 - $31.25) - Items: 10
[2026-09-24T00:01:42.642Z] [SKU 6/37] DDR3 32GB 1866MT/s ECC RDIMM - Status: SUCCESS - Avg: $26.87 (Range: $12.50 - $42.49) - Items: 10
[2026-09-24T00:01:44.453Z] [SKU 7/37] DDR4 16GB 2133MT/s ECC RDIMM - Status: SUCCESS - Avg: $102.49 (Range: $27.00 - $500.00) - Items: 10
[2026-09-24T00:01:46.043Z] [SKU 8/37] DDR4 16GB 2400MT/s ECC RDIMM - Status: SUCCESS - Avg: $83.49 (Range: $64.95 - $149.97) - Items: 10
[2026-09-24T00:01:47.348Z] [SKU 9/37] DDR4 16GB 2666MT/s ECC RDIMM - Status: SUCCESS - Avg: $79.29 (Range: $57.50 - $107.99) - Items: 10
[2026-09-24T00:01:48.711Z] [SKU 10/37] DDR4 16GB 2933MT/s ECC RDIMM - Status: SUCCESS - Avg: $124.40 (Range: $69.99 - $249.00) - Items: 10
[2026-09-24T00:01:50.084Z] [SKU 11/37] DDR4 16GB 3200MT/s ECC RDIMM - Status: SUCCESS - Avg: $118.29 (Range: $75.00 - $187.99) - Items: 10
[2026-09-24T00:01:52.183Z] [SKU 12/37] DDR4 32GB 2133MT/s ECC RDIMM - Status: SUCCESS - Avg: $103.89 (Range: $30.00 - $164.99) - Items: 10
[2026-09-24T00:01:53.654Z] [SKU 13/37] DDR4 32GB 2400MT/s ECC RDIMM - Status: SUCCESS - Avg: $185.61 (Range: $145.00 - $229.99) - Items: 10
[2026-09-24T00:01:54.929Z] [SKU 14/37] DDR4 32GB 2666MT/s ECC RDIMM - Status: SUCCESS - Avg: $188.03 (Range: $80.00 - $279.00) - Items: 10
[2026-09-24T00:01:56.227Z] [SKU 15/37] DDR4 32GB 2933MT/s ECC RDIMM - Status: SUCCESS - Avg: $278.17 (Range: $190.00 - $495.26) - Items: 10
[2026-09-24T00:01:57.513Z] [SKU 16/37] DDR4 32GB 3200MT/s ECC RDIMM - Status: SUCCESS - Avg: $293.30 (Range: $125.00 - $400.00) - Items: 10
[2026-09-24T00:01:59.012Z] [SKU 17/37] DDR4 64GB 2133MT/s ECC RDIMM - Status: SUCCESS - Avg: $165.17 (Range: $32.25 - $375.00) - Items: 10
[2026-09-24T00:02:00.220Z] [SKU 18/37] DDR4 64GB 2400MT/s ECC RDIMM - Status: SUCCESS - Avg: $407.62 (Range: $43.63 - $1309.00) - Items: 10
[2026-09-24T00:02:01.460Z] [SKU 19/37] DDR4 64GB 2666MT/s ECC RDIMM - Status: SUCCESS - Avg: $306.80 (Range: $107.99 - $470.00) - Items: 10
[2026-09-24T00:02:03.019Z] [SKU 20/37] DDR4 64GB 2933MT/s ECC RDIMM - Status: SUCCESS - Avg: $446.88 (Range: $87.25 - $599.99) - Items: 10
[2026-09-24T00:02:04.412Z] [SKU 21/37] DDR4 64GB 3200MT/s ECC RDIMM - Status: SUCCESS - Avg: $670.16 (Range: $93.75 - $869.00) - Items: 10
[2026-09-24T00:02:05.842Z] [SKU 22/37] DDR4 128GB 2666MT/s ECC RDIMM - Status: SUCCESS - Avg: $523.29 (Range: $80.00 - $800.00) - Items: 10
[2026-09-24T00:02:07.133Z] [SKU 23/37] DDR4 128GB 2933MT/s ECC RDIMM - Status: SUCCESS - Avg: $643.53 (Range: $92.13 - $1253.99) - Items: 10
[2026-09-24T00:02:08.340Z] [SKU 24/37] DDR4 128GB 3200MT/s ECC RDIMM - Status: SUCCESS - Avg: $1223.77 (Range: $75.00 - $5904.00) - Items: 10
[2026-09-24T00:02:09.585Z] [SKU 25/37] DDR5 16GB 4800MT/s ECC RDIMM - Status: SUCCESS - Avg: $1124.78 (Range: $449.97 - $3967.00) - Items: 10
[2026-09-24T00:02:10.747Z] [SKU 26/37] DDR5 16GB 5600MT/s ECC RDIMM - Status: SUCCESS - Avg: $1039.97 (Range: $449.97 - $2859.00) - Items: 10
[2026-09-24T00:02:12.006Z] [SKU 27/37] DDR5 32GB 4800MT/s ECC RDIMM - Status: SUCCESS - Avg: $1101.84 (Range: $675.48 - $1497.00) - Items: 10
[2026-09-24T00:02:13.346Z] [SKU 28/37] DDR5 32GB 5600MT/s ECC RDIMM - Status: SUCCESS - Avg: $1359.49 (Range: $1100.00 - $1699.00) - Items: 10
[2026-09-24T00:02:14.636Z] [SKU 29/37] DDR5 48GB 5600MT/s ECC RDIMM - Status: SUCCESS - Avg: $2729.20 (Range: $1850.00 - $3927.00) - Items: 5
[2026-09-24T00:02:15.853Z] [SKU 30/37] DDR5 64GB 4800MT/s ECC RDIMM - Status: SUCCESS - Avg: $2298.51 (Range: $1099.99 - $2900.00) - Items: 10
[2026-09-24T00:02:16.952Z] [SKU 31/37] DDR5 64GB 5600MT/s ECC RDIMM - Status: SUCCESS - Avg: $2769.30 (Range: $2300.00 - $3499.00) - Items: 10
[2026-09-24T00:02:18.113Z] [SKU 32/37] DDR5 64GB 6400MT/s ECC RDIMM - Status: SUCCESS - Avg: $3170.70 (Range: $2800.00 - $3474.99) - Items: 10
[2026-09-24T00:02:19.380Z] [SKU 33/37] DDR5 96GB 5600MT/s ECC RDIMM - Status: SUCCESS - Avg: $3557.40 (Range: $2550.00 - $3879.00) - Items: 10
[2026-09-24T00:02:20.469Z] [SKU 34/37] DDR5 128GB 5600MT/s ECC RDIMM - Status: SUCCESS - Avg: $4194.57 (Range: $925.00 - $12499.00) - Items: 10
[2026-09-24T00:02:21.550Z] [SKU 35/37] DDR5 128GB 4800MT/s ECC RDIMM - Status: SUCCESS - Avg: $3440.45 (Range: $975.00 - $5318.00) - Items: 10
[2026-09-24T00:02:22.660Z] [SKU 36/37] DDR5 128GB 5600MT/s ECC RDIMM - Status: SUCCESS - Avg: $4194.57 (Range: $925.00 - $12499.00) - Items: 10
[2026-09-24T00:02:23.799Z] [SKU 37/37] DDR5 256GB 4800MT/s ECC RDIMM - Status: SUCCESS - Avg: $5423.33 (Range: $720.00 - $7800.00) - Items: 3
[2026-09-24T00:02:24.308Z] === SYNC FINISHED - Total SKUs: 37, Success: 37, Failed: 0 - Source: eBay Production API - Overall: SUCCESS ===
[2026-09-25T00:01:32.502Z] === SYNC STARTED: Querying secondary server memory market data (37 SKUs) ===
[2026-09-25T00:01:32.817Z] Authenticated with eBay Production API. Processing 37 SKUs...
[2026-09-25T00:01:33.386Z] [SKU 1/37] DDR3 16GB 1333MT/s ECC RDIMM - Status: SUCCESS - Avg: $38.37 (Range: $10.00 - $205.60) - Items: 10
[2026-09-25T00:01:34.387Z] [SKU 2/37] DDR3 16GB 1600MT/s ECC RDIMM - Status: SUCCESS - Avg: $17.39 (Range: $7.47 - $49.99) - Items: 10
[2026-09-25T00:01:35.548Z] [SKU 3/37] DDR3 16GB 1866MT/s ECC RDIMM - Status: SUCCESS - Avg: $58.75 (Range: $9.99 - $199.20) - Items: 10
[2026-09-25T00:01:36.619Z] [SKU 4/37] DDR3 32GB 1333MT/s ECC RDIMM - Status: SUCCESS - Avg: $66.77 (Range: $6.13 - $464.00) - Items: 10
[2026-09-25T00:01:37.706Z] [SKU 5/37] DDR3 32GB 1600MT/s ECC RDIMM - Status: SUCCESS - Avg: $20.70 (Range: $6.25 - $31.25) - Items: 10
[2026-09-25T00:01:38.646Z] [SKU 6/37] DDR3 32GB 1866MT/s ECC RDIMM - Status: SUCCESS - Avg: $48.88 (Range: $12.50 - $249.60) - Items: 10
[2026-09-25T00:01:39.672Z] [SKU 7/37] DDR4 16GB 2133MT/s ECC RDIMM - Status: SUCCESS - Avg: $58.64 (Range: $27.00 - $80.00) - Items: 10
[2026-09-25T00:01:40.672Z] [SKU 8/37] DDR4 16GB 2400MT/s ECC RDIMM - Status: SUCCESS - Avg: $78.09 (Range: $54.99 - $149.97) - Items: 10
[2026-09-25T00:01:41.582Z] [SKU 9/37] DDR4 16GB 2666MT/s ECC RDIMM - Status: SUCCESS - Avg: $93.18 (Range: $59.99 - $130.00) - Items: 10
[2026-09-25T00:01:42.540Z] [SKU 10/37] DDR4 16GB 2933MT/s ECC RDIMM - Status: SUCCESS - Avg: $117.09 (Range: $70.00 - $249.00) - Items: 10
[2026-09-25T00:01:43.564Z] [SKU 11/37] DDR4 16GB 3200MT/s ECC RDIMM - Status: SUCCESS - Avg: $146.23 (Range: $83.00 - $412.00) - Items: 10
[2026-09-25T00:01:44.573Z] [SKU 12/37] DDR4 32GB 2133MT/s ECC RDIMM - Status: SUCCESS - Avg: $158.31 (Range: $32.25 - $246.00) - Items: 10
[2026-09-25T00:01:45.605Z] [SKU 13/37] DDR4 32GB 2400MT/s ECC RDIMM - Status: SUCCESS - Avg: $173.40 (Range: $145.00 - $246.00) - Items: 10
[2026-09-25T00:01:46.644Z] [SKU 14/37] DDR4 32GB 2666MT/s ECC RDIMM - Status: SUCCESS - Avg: $199.29 (Range: $84.00 - $279.00) - Items: 10
[2026-09-25T00:01:47.610Z] [SKU 15/37] DDR4 32GB 2933MT/s ECC RDIMM - Status: SUCCESS - Avg: $243.39 (Range: $190.00 - $279.99) - Items: 10
[2026-09-25T00:01:48.611Z] [SKU 16/37] DDR4 32GB 3200MT/s ECC RDIMM - Status: SUCCESS - Avg: $301.59 (Range: $179.00 - $375.99) - Items: 10
[2026-09-25T00:01:49.621Z] [SKU 17/37] DDR4 64GB 2133MT/s ECC RDIMM - Status: SUCCESS - Avg: $163.66 (Range: $32.25 - $375.00) - Items: 10
[2026-09-25T00:01:50.674Z] [SKU 18/37] DDR4 64GB 2400MT/s ECC RDIMM - Status: SUCCESS - Avg: $399.12 (Range: $31.25 - $1049.60) - Items: 10
[2026-09-25T00:01:51.805Z] [SKU 19/37] DDR4 64GB 2666MT/s ECC RDIMM - Status: SUCCESS - Avg: $278.95 (Range: $70.00 - $470.00) - Items: 10
[2026-09-25T00:01:52.758Z] [SKU 20/37] DDR4 64GB 2933MT/s ECC RDIMM - Status: SUCCESS - Avg: $478.92 (Range: $319.99 - $599.99) - Items: 10
[2026-09-25T00:01:53.788Z] [SKU 21/37] DDR4 64GB 3200MT/s ECC RDIMM - Status: SUCCESS - Avg: $551.75 (Range: $82.50 - $795.00) - Items: 10
[2026-09-25T00:01:54.762Z] [SKU 22/37] DDR4 128GB 2666MT/s ECC RDIMM - Status: SUCCESS - Avg: $461.79 (Range: $80.00 - $800.00) - Items: 10
[2026-09-25T00:01:55.734Z] [SKU 23/37] DDR4 128GB 2933MT/s ECC RDIMM - Status: SUCCESS - Avg: $659.71 (Range: $92.13 - $1253.99) - Items: 10
[2026-09-25T00:01:56.696Z] [SKU 24/37] DDR4 128GB 3200MT/s ECC RDIMM - Status: SUCCESS - Avg: $1583.19 (Range: $150.00 - $4723.20) - Items: 10
[2026-09-25T00:01:57.672Z] [SKU 25/37] DDR5 16GB 4800MT/s ECC RDIMM - Status: SUCCESS - Avg: $1065.22 (Range: $449.97 - $3174.40) - Items: 10
[2026-09-25T00:01:58.639Z] [SKU 26/37] DDR5 16GB 5600MT/s ECC RDIMM - Status: SUCCESS - Avg: $1058.97 (Range: $549.99 - $2859.00) - Items: 10
[2026-09-25T00:01:59.621Z] [SKU 27/37] DDR5 32GB 4800MT/s ECC RDIMM - Status: SUCCESS - Avg: $1110.51 (Range: $399.50 - $1514.99) - Items: 10
[2026-09-25T00:02:00.579Z] [SKU 28/37] DDR5 32GB 5600MT/s ECC RDIMM - Status: SUCCESS - Avg: $1516.00 (Range: $959.99 - $3112.00) - Items: 10
[2026-09-25T00:02:01.574Z] [SKU 29/37] DDR5 48GB 5600MT/s ECC RDIMM - Status: SUCCESS - Avg: $2729.20 (Range: $1850.00 - $3927.00) - Items: 5
[2026-09-25T00:02:02.518Z] [SKU 30/37] DDR5 64GB 4800MT/s ECC RDIMM - Status: SUCCESS - Avg: $2403.51 (Range: $1800.00 - $2900.00) - Items: 10
[2026-09-25T00:02:03.452Z] [SKU 31/37] DDR5 64GB 5600MT/s ECC RDIMM - Status: SUCCESS - Avg: $2779.30 (Range: $2300.00 - $3499.00) - Items: 10
[2026-09-25T00:02:04.406Z] [SKU 32/37] DDR5 64GB 6400MT/s ECC RDIMM - Status: SUCCESS - Avg: $3120.20 (Range: $2699.99 - $3468.99) - Items: 10
[2026-09-25T00:02:05.345Z] [SKU 33/37] DDR5 96GB 5600MT/s ECC RDIMM - Status: SUCCESS - Avg: $3557.40 (Range: $2550.00 - $3879.00) - Items: 10
[2026-09-25T00:02:06.268Z] [SKU 34/37] DDR5 128GB 5600MT/s ECC RDIMM - Status: SUCCESS - Avg: $4193.32 (Range: $925.00 - $12499.00) - Items: 10
[2026-09-25T00:02:07.211Z] [SKU 35/37] DDR5 128GB 4800MT/s ECC RDIMM - Status: SUCCESS - Avg: $3400.80 (Range: $975.00 - $5318.00) - Items: 10
[2026-09-25T00:02:08.149Z] [SKU 36/37] DDR5 128GB 5600MT/s ECC RDIMM - Status: SUCCESS - Avg: $4193.32 (Range: $925.00 - $12499.00) - Items: 10
[2026-09-25T00:02:09.106Z] [SKU 37/37] DDR5 256GB 4800MT/s ECC RDIMM - Status: SUCCESS - Avg: $4235.00 (Range: $720.00 - $7750.00) - Items: 2
[2026-09-25T00:02:09.614Z] === SYNC FINISHED - Total SKUs: 37, Success: 37, Failed: 0 - Source: eBay Production API - Overall: SUCCESS ===
[2026-09-26T00:01:34.721Z] === SYNC STARTED: Querying secondary server memory market data (37 SKUs) ===
[2026-09-26T00:01:35.245Z] Authenticated with eBay Production API. Processing 37 SKUs...
[2026-09-26T00:01:36.209Z] [SKU 1/37] DDR3 16GB 1333MT/s ECC RDIMM - Status: SUCCESS - Avg: $38.26 (Range: $5.07 - $220.40) - Items: 10
[2026-09-26T00:01:37.560Z] [SKU 2/37] DDR3 16GB 1600MT/s ECC RDIMM - Status: SUCCESS - Avg: $12.16 (Range: $3.75 - $18.90) - Items: 10
[2026-09-26T00:01:38.813Z] [SKU 3/37] DDR3 16GB 1866MT/s ECC RDIMM - Status: SUCCESS - Avg: $41.21 (Range: $9.99 - $197.60) - Items: 10
[2026-09-26T00:01:40.225Z] [SKU 4/37] DDR3 32GB 1333MT/s ECC RDIMM - Status: SUCCESS - Avg: $22.57 (Range: $5.00 - $59.95) - Items: 10
[2026-09-26T00:01:41.500Z] [SKU 5/37] DDR3 32GB 1600MT/s ECC RDIMM - Status: SUCCESS - Avg: $20.20 (Range: $6.25 - $31.25) - Items: 10
[2026-09-26T00:01:42.822Z] [SKU 6/37] DDR3 32GB 1866MT/s ECC RDIMM - Status: SUCCESS - Avg: $49.13 (Range: $12.50 - $249.60) - Items: 10
[2026-09-26T00:01:44.146Z] [SKU 7/37] DDR4 16GB 2133MT/s ECC RDIMM - Status: SUCCESS - Avg: $55.40 (Range: $27.00 - $76.95) - Items: 10
[2026-09-26T00:01:45.394Z] [SKU 8/37] DDR4 16GB 2400MT/s ECC RDIMM - Status: SUCCESS - Avg: $102.39 (Range: $53.05 - $325.00) - Items: 10
[2026-09-26T00:01:46.659Z] [SKU 9/37] DDR4 16GB 2666MT/s ECC RDIMM - Status: SUCCESS - Avg: $97.28 (Range: $59.99 - $179.99) - Items: 10
[2026-09-26T00:01:47.914Z] [SKU 10/37] DDR4 16GB 2933MT/s ECC RDIMM - Status: SUCCESS - Avg: $117.64 (Range: $70.00 - $249.00) - Items: 10
[2026-09-26T00:01:49.106Z] [SKU 11/37] DDR4 16GB 3200MT/s ECC RDIMM - Status: SUCCESS - Avg: $158.67 (Range: $80.16 - $406.40) - Items: 10
[2026-09-26T00:01:50.428Z] [SKU 12/37] DDR4 32GB 2133MT/s ECC RDIMM - Status: SUCCESS - Avg: $142.17 (Range: $32.25 - $246.00) - Items: 10
[2026-09-26T00:01:51.716Z] [SKU 13/37] DDR4 32GB 2400MT/s ECC RDIMM - Status: SUCCESS - Avg: $181.90 (Range: $145.00 - $246.00) - Items: 10
[2026-09-26T00:01:52.968Z] [SKU 14/37] DDR4 32GB 2666MT/s ECC RDIMM - Status: SUCCESS - Avg: $186.69 (Range: $84.00 - $279.00) - Items: 10
[2026-09-26T00:01:54.288Z] [SKU 15/37] DDR4 32GB 2933MT/s ECC RDIMM - Status: SUCCESS - Avg: $254.09 (Range: $190.00 - $309.00) - Items: 10
[2026-09-26T00:01:55.619Z] [SKU 16/37] DDR4 32GB 3200MT/s ECC RDIMM - Status: SUCCESS - Avg: $313.39 (Range: $179.00 - $370.00) - Items: 10
[2026-09-26T00:01:56.792Z] [SKU 17/37] DDR4 64GB 2133MT/s ECC RDIMM - Status: SUCCESS - Avg: $177.92 (Range: $32.25 - $375.00) - Items: 10
[2026-09-26T00:01:57.964Z] [SKU 18/37] DDR4 64GB 2400MT/s ECC RDIMM - Status: SUCCESS - Avg: $321.90 (Range: $31.25 - $1049.60) - Items: 10
[2026-09-26T00:01:59.182Z] [SKU 19/37] DDR4 64GB 2666MT/s ECC RDIMM - Status: SUCCESS - Avg: $287.70 (Range: $70.00 - $450.00) - Items: 10
[2026-09-26T00:02:00.474Z] [SKU 20/37] DDR4 64GB 2933MT/s ECC RDIMM - Status: SUCCESS - Avg: $454.07 (Range: $319.99 - $599.00) - Items: 10
[2026-09-26T00:02:01.745Z] [SKU 21/37] DDR4 64GB 3200MT/s ECC RDIMM - Status: SUCCESS - Avg: $552.50 (Range: $250.00 - $750.00) - Items: 10
[2026-09-26T00:02:03.109Z] [SKU 22/37] DDR4 128GB 2666MT/s ECC RDIMM - Status: SUCCESS - Avg: $452.79 (Range: $80.00 - $719.95) - Items: 10
[2026-09-26T00:02:04.231Z] [SKU 23/37] DDR4 128GB 2933MT/s ECC RDIMM - Status: SUCCESS - Avg: $1265.08 (Range: $92.13 - $2896.00) - Items: 10
[2026-09-26T00:02:05.526Z] [SKU 24/37] DDR4 128GB 3200MT/s ECC RDIMM - Status: SUCCESS - Avg: $1622.50 (Range: $150.00 - $4723.20) - Items: 10
[2026-09-26T00:02:06.714Z] [SKU 25/37] DDR5 16GB 4800MT/s ECC RDIMM - Status: SUCCESS - Avg: $1342.49 (Range: $499.94 - $3174.40) - Items: 10
[2026-09-26T00:02:07.968Z] [SKU 26/37] DDR5 16GB 5600MT/s ECC RDIMM - Status: SUCCESS - Avg: $1033.46 (Range: $419.89 - $2859.00) - Items: 10
[2026-09-26T00:02:09.155Z] [SKU 27/37] DDR5 32GB 4800MT/s ECC RDIMM - Status: SUCCESS - Avg: $1111.89 (Range: $654.27 - $1497.00) - Items: 10
[2026-09-26T00:02:10.297Z] [SKU 28/37] DDR5 32GB 5600MT/s ECC RDIMM - Status: SUCCESS - Avg: $1476.00 (Range: $959.99 - $3112.00) - Items: 10
[2026-09-26T00:02:11.626Z] [SKU 29/37] DDR5 48GB 5600MT/s ECC RDIMM - Status: SUCCESS - Avg: $2729.20 (Range: $1850.00 - $3927.00) - Items: 5
[2026-09-26T00:02:12.772Z] [SKU 30/37] DDR5 64GB 4800MT/s ECC RDIMM - Status: SUCCESS - Avg: $2301.21 (Range: $1800.00 - $2900.00) - Items: 10
[2026-09-26T00:02:13.866Z] [SKU 31/37] DDR5 64GB 5600MT/s ECC RDIMM - Status: SUCCESS - Avg: $2789.20 (Range: $2250.00 - $3499.00) - Items: 10
[2026-09-26T00:02:15.022Z] [SKU 32/37] DDR5 64GB 6400MT/s ECC RDIMM - Status: SUCCESS - Avg: $3085.30 (Range: $2699.99 - $3468.99) - Items: 10
[2026-09-26T00:02:16.175Z] [SKU 33/37] DDR5 96GB 5600MT/s ECC RDIMM - Status: SUCCESS - Avg: $3557.40 (Range: $2550.00 - $3879.00) - Items: 10
[2026-09-26T00:02:17.383Z] [SKU 34/37] DDR5 128GB 5600MT/s ECC RDIMM - Status: SUCCESS - Avg: $4182.17 (Range: $925.00 - $12499.00) - Items: 10
[2026-09-26T00:02:18.557Z] [SKU 35/37] DDR5 128GB 4800MT/s ECC RDIMM - Status: SUCCESS - Avg: $3308.00 (Range: $975.00 - $4459.00) - Items: 10
[2026-09-26T00:02:19.770Z] [SKU 36/37] DDR5 128GB 5600MT/s ECC RDIMM - Status: SUCCESS - Avg: $4182.17 (Range: $925.00 - $12499.00) - Items: 10
[2026-09-26T00:02:21.007Z] [SKU 37/37] DDR5 256GB 4800MT/s ECC RDIMM - Status: SUCCESS - Avg: $4359.50 (Range: $720.00 - $7999.00) - Items: 2
[2026-09-26T00:02:21.516Z] === SYNC FINISHED - Total SKUs: 37, Success: 37, Failed: 0 - Source: eBay Production API - Overall: SUCCESS ===
[2026-09-27T00:01:47.707Z] === SYNC STARTED: Querying secondary server memory market data (37 SKUs) ===
[2026-09-27T00:01:48.045Z] Authenticated with eBay Production API. Processing 37 SKUs...
[2026-09-27T00:01:48.720Z] [SKU 1/37] DDR3 16GB 1333MT/s ECC RDIMM - Status: SUCCESS - Avg: $38.26 (Range: $5.07 - $220.40) - Items: 10
[2026-09-27T00:01:49.755Z] [SKU 2/37] DDR3 16GB 1600MT/s ECC RDIMM - Status: SUCCESS - Avg: $12.20 (Range: $3.75 - $18.90) - Items: 10
[2026-09-27T00:01:50.800Z] [SKU 3/37] DDR3 16GB 1866MT/s ECC RDIMM - Status: SUCCESS - Avg: $40.73 (Range: $9.99 - $197.60) - Items: 10
[2026-09-27T00:01:51.832Z] [SKU 4/37] DDR3 32GB 1333MT/s ECC RDIMM - Status: SUCCESS - Avg: $17.27 (Range: $3.75 - $40.63) - Items: 10
[2026-09-27T00:01:52.843Z] [SKU 5/37] DDR3 32GB 1600MT/s ECC RDIMM - Status: SUCCESS - Avg: $19.50 (Range: $6.25 - $31.25) - Items: 10
[2026-09-27T00:01:53.934Z] [SKU 6/37] DDR3 32GB 1866MT/s ECC RDIMM - Status: SUCCESS - Avg: $48.63 (Range: $12.50 - $249.60) - Items: 10
[2026-09-27T00:01:54.955Z] [SKU 7/37] DDR4 16GB 2133MT/s ECC RDIMM - Status: SUCCESS - Avg: $78.16 (Range: $35.99 - $180.00) - Items: 10
[2026-09-27T00:01:55.947Z] [SKU 8/37] DDR4 16GB 2400MT/s ECC RDIMM - Status: SUCCESS - Avg: $79.54 (Range: $29.50 - $149.97) - Items: 10
[2026-09-27T00:01:56.994Z] [SKU 9/37] DDR4 16GB 2666MT/s ECC RDIMM - Status: SUCCESS - Avg: $99.58 (Range: $59.99 - $179.99) - Items: 10
[2026-09-27T00:01:58.084Z] [SKU 10/37] DDR4 16GB 2933MT/s ECC RDIMM - Status: SUCCESS - Avg: $103.37 (Range: $70.00 - $139.99) - Items: 10
[2026-09-27T00:01:59.093Z] [SKU 11/37] DDR4 16GB 3200MT/s ECC RDIMM - Status: SUCCESS - Avg: $121.92 (Range: $64.00 - $249.95) - Items: 10
[2026-09-27T00:02:00.050Z] [SKU 12/37] DDR4 32GB 2133MT/s ECC RDIMM - Status: SUCCESS - Avg: $134.62 (Range: $36.25 - $200.00) - Items: 10
[2026-09-27T00:02:01.093Z] [SKU 13/37] DDR4 32GB 2400MT/s ECC RDIMM - Status: SUCCESS - Avg: $162.05 (Range: $90.00 - $246.00) - Items: 10
[2026-09-27T00:02:02.178Z] [SKU 14/37] DDR4 32GB 2666MT/s ECC RDIMM - Status: SUCCESS - Avg: $187.53 (Range: $136.68 - $279.00) - Items: 10
[2026-09-27T00:02:03.292Z] [SKU 15/37] DDR4 32GB 2933MT/s ECC RDIMM - Status: SUCCESS - Avg: $217.09 (Range: $85.00 - $309.00) - Items: 10
[2026-09-27T00:02:04.241Z] [SKU 16/37] DDR4 32GB 3200MT/s ECC RDIMM - Status: SUCCESS - Avg: $298.99 (Range: $179.00 - $370.00) - Items: 10
[2026-09-27T00:02:05.114Z] [SKU 17/37] DDR4 64GB 2133MT/s ECC RDIMM - Status: SUCCESS - Avg: $159.41 (Range: $28.13 - $375.00) - Items: 10
[2026-09-27T00:02:06.100Z] [SKU 18/37] DDR4 64GB 2400MT/s ECC RDIMM - Status: SUCCESS - Avg: $170.88 (Range: $24.88 - $377.10) - Items: 10
[2026-09-27T00:02:07.017Z] [SKU 19/37] DDR4 64GB 2666MT/s ECC RDIMM - Status: SUCCESS - Avg: $225.99 (Range: $26.88 - $450.00) - Items: 10
[2026-09-27T00:02:07.939Z] [SKU 20/37] DDR4 64GB 2933MT/s ECC RDIMM - Status: SUCCESS - Avg: $428.79 (Range: $87.25 - $599.00) - Items: 10
[2026-09-27T00:02:08.892Z] [SKU 21/37] DDR4 64GB 3200MT/s ECC RDIMM - Status: SUCCESS - Avg: $561.54 (Range: $240.00 - $750.00) - Items: 10
[2026-09-27T00:02:09.858Z] [SKU 22/37] DDR4 128GB 2666MT/s ECC RDIMM - Status: SUCCESS - Avg: $452.79 (Range: $80.00 - $719.95) - Items: 10
[2026-09-27T00:02:10.854Z] [SKU 23/37] DDR4 128GB 2933MT/s ECC RDIMM - Status: SUCCESS - Avg: $1175.96 (Range: $92.13 - $2896.00) - Items: 10
[2026-09-27T00:02:11.760Z] [SKU 24/37] DDR4 128GB 3200MT/s ECC RDIMM - Status: SUCCESS - Avg: $1656.69 (Range: $150.00 - $4723.20) - Items: 10
[2026-09-27T00:02:12.665Z] [SKU 25/37] DDR5 16GB 4800MT/s ECC RDIMM - Status: SUCCESS - Avg: $1342.49 (Range: $499.94 - $3174.40) - Items: 10
[2026-09-27T00:02:13.691Z] [SKU 26/37] DDR5 16GB 5600MT/s ECC RDIMM - Status: SUCCESS - Avg: $1048.56 (Range: $419.89 - $2995.00) - Items: 10
[2026-09-27T00:02:14.637Z] [SKU 27/37] DDR5 32GB 4800MT/s ECC RDIMM - Status: SUCCESS - Avg: $1256.71 (Range: $654.08 - $2600.00) - Items: 10
[2026-09-27T00:02:15.684Z] [SKU 28/37] DDR5 32GB 5600MT/s ECC RDIMM - Status: SUCCESS - Avg: $1525.50 (Range: $959.99 - $3112.00) - Items: 10
[2026-09-27T00:02:16.697Z] [SKU 29/37] DDR5 48GB 5600MT/s ECC RDIMM - Status: SUCCESS - Avg: $2729.20 (Range: $1850.00 - $3927.00) - Items: 5
[2026-09-27T00:02:17.679Z] [SKU 30/37] DDR5 64GB 4800MT/s ECC RDIMM - Status: SUCCESS - Avg: $2324.29 (Range: $1800.00 - $2900.00) - Items: 10
[2026-09-27T00:02:18.600Z] [SKU 31/37] DDR5 64GB 5600MT/s ECC RDIMM - Status: SUCCESS - Avg: $2739.20 (Range: $2250.00 - $3499.00) - Items: 10
[2026-09-27T00:02:19.657Z] [SKU 32/37] DDR5 64GB 6400MT/s ECC RDIMM - Status: SUCCESS - Avg: $3080.40 (Range: $2699.99 - $3468.99) - Items: 10
[2026-09-27T00:02:20.643Z] [SKU 33/37] DDR5 96GB 5600MT/s ECC RDIMM - Status: SUCCESS - Avg: $3557.40 (Range: $2550.00 - $3879.00) - Items: 10
[2026-09-27T00:02:21.620Z] [SKU 34/37] DDR5 128GB 5600MT/s ECC RDIMM - Status: SUCCESS - Avg: $3258.07 (Range: $925.00 - $5900.00) - Items: 9
[2026-09-27T00:02:22.666Z] [SKU 35/37] DDR5 128GB 4800MT/s ECC RDIMM - Status: SUCCESS - Avg: $3308.00 (Range: $975.00 - $4459.00) - Items: 10
[2026-09-27T00:02:23.601Z] [SKU 36/37] DDR5 128GB 5600MT/s ECC RDIMM - Status: SUCCESS - Avg: $3258.07 (Range: $925.00 - $5900.00) - Items: 9
[2026-09-27T00:02:24.639Z] [SKU 37/37] DDR5 256GB 4800MT/s ECC RDIMM - Status: SUCCESS - Avg: $4359.50 (Range: $720.00 - $7999.00) - Items: 2
[2026-09-27T00:02:25.147Z] === SYNC FINISHED - Total SKUs: 37, Success: 37, Failed: 0 - Source: eBay Production API - Overall: SUCCESS ===
[2026-09-28T00:02:13.739Z] === SYNC STARTED: Querying secondary server memory market data (37 SKUs) ===
[2026-09-28T00:02:14.213Z] Authenticated with eBay Production API. Processing 37 SKUs...
[2026-09-28T00:02:14.945Z] [SKU 1/37] DDR3 16GB 1333MT/s ECC RDIMM - Status: SUCCESS - Avg: $38.51 (Range: $7.50 - $220.40) - Items: 10
[2026-09-28T00:02:15.943Z] [SKU 2/37] DDR3 16GB 1600MT/s ECC RDIMM - Status: SUCCESS - Avg: $13.63 (Range: $7.47 - $18.90) - Items: 10
[2026-09-28T00:02:17.120Z] [SKU 3/37] DDR3 16GB 1866MT/s ECC RDIMM - Status: SUCCESS - Avg: $42.64 (Range: $9.99 - $199.20) - Items: 10
[2026-09-28T00:02:18.303Z] [SKU 4/37] DDR3 32GB 1333MT/s ECC RDIMM - Status: SUCCESS - Avg: $21.59 (Range: $6.13 - $59.95) - Items: 10
[2026-09-28T00:02:19.356Z] [SKU 5/37] DDR3 32GB 1600MT/s ECC RDIMM - Status: SUCCESS - Avg: $17.87 (Range: $6.25 - $31.25) - Items: 10
[2026-09-28T00:02:20.398Z] [SKU 6/37] DDR3 32GB 1866MT/s ECC RDIMM - Status: SUCCESS - Avg: $48.88 (Range: $12.50 - $249.60) - Items: 10
[2026-09-28T00:02:21.393Z] [SKU 7/37] DDR4 16GB 2133MT/s ECC RDIMM - Status: SUCCESS - Avg: $64.35 (Range: $35.99 - $79.99) - Items: 10
[2026-09-28T00:02:22.459Z] [SKU 8/37] DDR4 16GB 2400MT/s ECC RDIMM - Status: SUCCESS - Avg: $71.98 (Range: $24.45 - $149.97) - Items: 10
[2026-09-28T00:02:23.499Z] [SKU 9/37] DDR4 16GB 2666MT/s ECC RDIMM - Status: SUCCESS - Avg: $89.23 (Range: $60.00 - $119.99) - Items: 10
[2026-09-28T00:02:24.561Z] [SKU 10/37] DDR4 16GB 2933MT/s ECC RDIMM - Status: SUCCESS - Avg: $100.17 (Range: $65.00 - $139.99) - Items: 10
[2026-09-28T00:02:25.598Z] [SKU 11/37] DDR4 16GB 3200MT/s ECC RDIMM - Status: SUCCESS - Avg: $122.69 (Range: $75.00 - $249.95) - Items: 10
[2026-09-28T00:02:26.644Z] [SKU 12/37] DDR4 32GB 2133MT/s ECC RDIMM - Status: SUCCESS - Avg: $151.87 (Range: $124.95 - $200.00) - Items: 10
[2026-09-28T00:02:27.808Z] [SKU 13/37] DDR4 32GB 2400MT/s ECC RDIMM - Status: SUCCESS - Avg: $164.20 (Range: $90.00 - $220.00) - Items: 10
[2026-09-28T00:02:28.978Z] [SKU 14/37] DDR4 32GB 2666MT/s ECC RDIMM - Status: SUCCESS - Avg: $206.87 (Range: $156.25 - $279.00) - Items: 10
[2026-09-28T00:02:29.974Z] [SKU 15/37] DDR4 32GB 2933MT/s ECC RDIMM - Status: SUCCESS - Avg: $225.12 (Range: $36.25 - $309.00) - Items: 10
[2026-09-28T00:02:31.244Z] [SKU 16/37] DDR4 32GB 3200MT/s ECC RDIMM - Status: SUCCESS - Avg: $310.39 (Range: $229.95 - $370.00) - Items: 10
[2026-09-28T00:02:32.355Z] [SKU 17/37] DDR4 64GB 2133MT/s ECC RDIMM - Status: SUCCESS - Avg: $176.16 (Range: $28.13 - $375.00) - Items: 10
[2026-09-28T00:02:33.342Z] [SKU 18/37] DDR4 64GB 2400MT/s ECC RDIMM - Status: SUCCESS - Avg: $384.56 (Range: $31.25 - $1048.00) - Items: 10
[2026-09-28T00:02:34.325Z] [SKU 19/37] DDR4 64GB 2666MT/s ECC RDIMM - Status: SUCCESS - Avg: $240.80 (Range: $53.99 - $450.00) - Items: 10
[2026-09-28T00:02:35.261Z] [SKU 20/37] DDR4 64GB 2933MT/s ECC RDIMM - Status: SUCCESS - Avg: $456.21 (Range: $296.17 - $599.00) - Items: 10
[2026-09-28T00:02:36.276Z] [SKU 21/37] DDR4 64GB 3200MT/s ECC RDIMM - Status: SUCCESS - Avg: $609.99 (Range: $240.00 - $750.00) - Items: 10
[2026-09-28T00:02:37.260Z] [SKU 22/37] DDR4 128GB 2666MT/s ECC RDIMM - Status: SUCCESS - Avg: $384.69 (Range: $80.00 - $899.00) - Items: 10
[2026-09-28T00:02:38.278Z] [SKU 23/37] DDR4 128GB 2933MT/s ECC RDIMM - Status: SUCCESS - Avg: $1231.06 (Range: $92.13 - $2896.00) - Items: 10
[2026-09-28T00:02:39.317Z] [SKU 24/37] DDR4 128GB 3200MT/s ECC RDIMM - Status: SUCCESS - Avg: $1654.19 (Range: $150.00 - $4723.20) - Items: 10
[2026-09-28T00:02:40.328Z] [SKU 25/37] DDR5 16GB 4800MT/s ECC RDIMM - Status: SUCCESS - Avg: $1342.49 (Range: $499.94 - $3174.40) - Items: 10
[2026-09-28T00:02:41.534Z] [SKU 26/37] DDR5 16GB 5600MT/s ECC RDIMM - Status: SUCCESS - Avg: $1299.97 (Range: $449.97 - $2995.00) - Items: 10
[2026-09-28T00:02:42.785Z] [SKU 27/37] DDR5 32GB 4800MT/s ECC RDIMM - Status: SUCCESS - Avg: $1301.09 (Range: $636.40 - $2600.00) - Items: 10
[2026-09-28T00:02:43.763Z] [SKU 28/37] DDR5 32GB 5600MT/s ECC RDIMM - Status: SUCCESS - Avg: $1515.50 (Range: $959.99 - $3112.00) - Items: 10
[2026-09-28T00:02:44.845Z] [SKU 29/37] DDR5 48GB 5600MT/s ECC RDIMM - Status: SUCCESS - Avg: $2729.20 (Range: $1850.00 - $3927.00) - Items: 5
[2026-09-28T00:02:45.998Z] [SKU 30/37] DDR5 64GB 4800MT/s ECC RDIMM - Status: SUCCESS - Avg: $2271.00 (Range: $1800.00 - $2900.00) - Items: 10
[2026-09-28T00:02:46.926Z] [SKU 31/37] DDR5 64GB 5600MT/s ECC RDIMM - Status: SUCCESS - Avg: $2744.10 (Range: $2250.00 - $3499.00) - Items: 10
[2026-09-28T00:02:47.956Z] [SKU 32/37] DDR5 64GB 6400MT/s ECC RDIMM - Status: SUCCESS - Avg: $3080.40 (Range: $2699.99 - $3468.99) - Items: 10
[2026-09-28T00:02:48.954Z] [SKU 33/37] DDR5 96GB 5600MT/s ECC RDIMM - Status: SUCCESS - Avg: $3557.40 (Range: $2550.00 - $3879.00) - Items: 10
[2026-09-28T00:02:49.934Z] [SKU 34/37] DDR5 128GB 5600MT/s ECC RDIMM - Status: SUCCESS - Avg: $3535.42 (Range: $925.00 - $5900.00) - Items: 7
[2026-09-28T00:02:51.169Z] [SKU 35/37] DDR5 128GB 4800MT/s ECC RDIMM - Status: SUCCESS - Avg: $3398.65 (Range: $962.50 - $5318.00) - Items: 10
[2026-09-28T00:02:52.117Z] [SKU 36/37] DDR5 128GB 5600MT/s ECC RDIMM - Status: SUCCESS - Avg: $3535.42 (Range: $925.00 - $5900.00) - Items: 7
[2026-09-28T00:02:53.116Z] [SKU 37/37] DDR5 256GB 4800MT/s ECC RDIMM - Status: SUCCESS - Avg: $4359.50 (Range: $720.00 - $7999.00) - Items: 2
[2026-09-28T00:02:53.625Z] === SYNC FINISHED - Total SKUs: 37, Success: 37, Failed: 0 - Source: eBay Production API - Overall: SUCCESS ===
[2026-09-29T00:01:54.224Z] === SYNC STARTED: Querying secondary server memory market data (37 SKUs) ===
[2026-09-29T00:01:54.903Z] Authenticated with eBay Production API. Processing 37 SKUs...
[2026-09-29T00:01:55.439Z] [SKU 1/37] DDR3 16GB 1333MT/s ECC RDIMM - Status: SUCCESS - Avg: $38.14 (Range: $9.99 - $220.40) - Items: 10
[2026-09-29T00:01:56.690Z] [SKU 2/37] DDR3 16GB 1600MT/s ECC RDIMM - Status: SUCCESS - Avg: $38.66 (Range: $7.47 - $256.00) - Items: 10
[2026-09-29T00:01:57.869Z] [SKU 3/37] DDR3 16GB 1866MT/s ECC RDIMM - Status: SUCCESS - Avg: $42.49 (Range: $9.99 - $199.20) - Items: 10
[2026-09-29T00:01:59.179Z] [SKU 4/37] DDR3 32GB 1333MT/s ECC RDIMM - Status: SUCCESS - Avg: $65.50 (Range: $6.13 - $464.00) - Items: 10
[2026-09-29T00:02:00.380Z] [SKU 5/37] DDR3 32GB 1600MT/s ECC RDIMM - Status: SUCCESS - Avg: $17.70 (Range: $6.25 - $31.25) - Items: 10
[2026-09-29T00:02:01.782Z] [SKU 6/37] DDR3 32GB 1866MT/s ECC RDIMM - Status: SUCCESS - Avg: $48.00 (Range: $11.25 - $249.60) - Items: 10
[2026-09-29T00:02:03.095Z] [SKU 7/37] DDR4 16GB 2133MT/s ECC RDIMM - Status: SUCCESS - Avg: $77.59 (Range: $35.99 - $175.00) - Items: 10
[2026-09-29T00:02:04.612Z] [SKU 8/37] DDR4 16GB 2400MT/s ECC RDIMM - Status: SUCCESS - Avg: $80.94 (Range: $24.95 - $159.99) - Items: 10
[2026-09-29T00:02:06.027Z] [SKU 9/37] DDR4 16GB 2666MT/s ECC RDIMM - Status: SUCCESS - Avg: $89.30 (Range: $30.00 - $159.99) - Items: 10
[2026-09-29T00:02:07.776Z] [SKU 10/37] DDR4 16GB 2933MT/s ECC RDIMM - Status: SUCCESS - Avg: $103.87 (Range: $65.00 - $139.99) - Items: 10
[2026-09-29T00:02:09.161Z] [SKU 11/37] DDR4 16GB 3200MT/s ECC RDIMM - Status: SUCCESS - Avg: $131.43 (Range: $95.00 - $200.00) - Items: 10
[2026-09-29T00:02:10.445Z] [SKU 12/37] DDR4 32GB 2133MT/s ECC RDIMM - Status: SUCCESS - Avg: $138.26 (Range: $14.38 - $175.00) - Items: 10
[2026-09-29T00:02:11.804Z] [SKU 13/37] DDR4 32GB 2400MT/s ECC RDIMM - Status: SUCCESS - Avg: $163.60 (Range: $65.00 - $229.99) - Items: 10
[2026-09-29T00:02:13.476Z] [SKU 14/37] DDR4 32GB 2666MT/s ECC RDIMM - Status: SUCCESS - Avg: $188.99 (Range: $80.00 - $279.00) - Items: 10
[2026-09-29T00:02:14.883Z] [SKU 15/37] DDR4 32GB 2933MT/s ECC RDIMM - Status: SUCCESS - Avg: $240.87 (Range: $159.99 - $319.99) - Items: 10
[2026-09-29T00:02:16.444Z] [SKU 16/37] DDR4 32GB 3200MT/s ECC RDIMM - Status: SUCCESS - Avg: $276.19 (Range: $159.99 - $370.00) - Items: 10
[2026-09-29T00:02:17.999Z] [SKU 17/37] DDR4 64GB 2133MT/s ECC RDIMM - Status: SUCCESS - Avg: $161.28 (Range: $28.13 - $375.00) - Items: 10
[2026-09-29T00:02:19.326Z] [SKU 18/37] DDR4 64GB 2400MT/s ECC RDIMM - Status: SUCCESS - Avg: $398.41 (Range: $43.63 - $1048.00) - Items: 10
[2026-09-29T00:02:20.575Z] [SKU 19/37] DDR4 64GB 2666MT/s ECC RDIMM - Status: SUCCESS - Avg: $244.05 (Range: $30.00 - $450.00) - Items: 10
[2026-09-29T00:02:21.829Z] [SKU 20/37] DDR4 64GB 2933MT/s ECC RDIMM - Status: SUCCESS - Avg: $446.92 (Range: $87.25 - $599.00) - Items: 10
[2026-09-29T00:02:23.077Z] [SKU 21/37] DDR4 64GB 3200MT/s ECC RDIMM - Status: SUCCESS - Avg: $573.29 (Range: $99.00 - $859.00) - Items: 10
[2026-09-29T00:02:24.543Z] [SKU 22/37] DDR4 128GB 2666MT/s ECC RDIMM - Status: SUCCESS - Avg: $472.90 (Range: $80.00 - $1054.99) - Items: 10
[2026-09-29T00:02:25.805Z] [SKU 23/37] DDR4 128GB 2933MT/s ECC RDIMM - Status: SUCCESS - Avg: $1280.07 (Range: $92.13 - $2896.00) - Items: 10
[2026-09-29T00:02:27.354Z] [SKU 24/37] DDR4 128GB 3200MT/s ECC RDIMM - Status: SUCCESS - Avg: $1648.19 (Range: $150.00 - $4723.20) - Items: 10
[2026-09-29T00:02:28.637Z] [SKU 25/37] DDR5 16GB 4800MT/s ECC RDIMM - Status: SUCCESS - Avg: $1342.49 (Range: $499.94 - $3174.40) - Items: 10
[2026-09-29T00:02:29.911Z] [SKU 26/37] DDR5 16GB 5600MT/s ECC RDIMM - Status: SUCCESS - Avg: $1292.47 (Range: $449.97 - $2995.00) - Items: 10
[2026-09-29T00:02:31.277Z] [SKU 27/37] DDR5 32GB 4800MT/s ECC RDIMM - Status: SUCCESS - Avg: $1338.38 (Range: $962.50 - $2600.00) - Items: 10
[2026-09-29T00:02:32.617Z] [SKU 28/37] DDR5 32GB 5600MT/s ECC RDIMM - Status: SUCCESS - Avg: $1344.20 (Range: $959.99 - $1699.00) - Items: 10
[2026-09-29T00:02:34.040Z] [SKU 29/37] DDR5 48GB 5600MT/s ECC RDIMM - Status: SUCCESS - Avg: $2729.20 (Range: $1850.00 - $3927.00) - Items: 5
[2026-09-29T00:02:35.442Z] [SKU 30/37] DDR5 64GB 4800MT/s ECC RDIMM - Status: SUCCESS - Avg: $2266.00 (Range: $1800.00 - $2900.00) - Items: 10
[2026-09-29T00:02:36.729Z] [SKU 31/37] DDR5 64GB 5600MT/s ECC RDIMM - Status: SUCCESS - Avg: $2800.20 (Range: $2250.00 - $3499.00) - Items: 10
[2026-09-29T00:02:37.902Z] [SKU 32/37] DDR5 64GB 6400MT/s ECC RDIMM - Status: SUCCESS - Avg: $3080.40 (Range: $2699.99 - $3468.99) - Items: 10
[2026-09-29T00:02:39.159Z] [SKU 33/37] DDR5 96GB 5600MT/s ECC RDIMM - Status: SUCCESS - Avg: $3557.40 (Range: $2550.00 - $3879.00) - Items: 10
[2026-09-29T00:02:40.425Z] [SKU 34/37] DDR5 128GB 5600MT/s ECC RDIMM - Status: SUCCESS - Avg: $3944.59 (Range: $925.00 - $5900.00) - Items: 10
[2026-09-29T00:02:41.713Z] [SKU 35/37] DDR5 128GB 4800MT/s ECC RDIMM - Status: SUCCESS - Avg: $3577.55 (Range: $962.50 - $5318.00) - Items: 10
[2026-09-29T00:02:43.421Z] [SKU 36/37] DDR5 128GB 5600MT/s ECC RDIMM - Status: SUCCESS - Avg: $3944.59 (Range: $925.00 - $5900.00) - Items: 10
[2026-09-29T00:02:44.849Z] [SKU 37/37] DDR5 256GB 4800MT/s ECC RDIMM - Status: SUCCESS - Avg: $4359.50 (Range: $720.00 - $7999.00) - Items: 2
[2026-09-29T00:02:45.356Z] === SYNC FINISHED - Total SKUs: 37, Success: 37, Failed: 0 - Source: eBay Production API - Overall: SUCCESS ===
[2026-09-30T00:01:44.344Z] === SYNC STARTED: Querying secondary server memory market data (37 SKUs) ===
[2026-09-30T00:01:44.532Z] Authenticated with eBay Production API. Processing 37 SKUs...
[2026-09-30T00:01:45.125Z] [SKU 1/37] DDR3 16GB 1333MT/s ECC RDIMM - Status: SUCCESS - Avg: $45.05 (Range: $5.07 - $205.60) - Items: 10
[2026-09-30T00:01:46.101Z] [SKU 2/37] DDR3 16GB 1600MT/s ECC RDIMM - Status: SUCCESS - Avg: $53.22 (Range: $7.47 - $402.40) - Items: 10
[2026-09-30T00:01:47.048Z] [SKU 3/37] DDR3 16GB 1866MT/s ECC RDIMM - Status: SUCCESS - Avg: $54.68 (Range: $9.99 - $199.20) - Items: 10
[2026-09-30T00:01:48.063Z] [SKU 4/37] DDR3 32GB 1333MT/s ECC RDIMM - Status: SUCCESS - Avg: $66.02 (Range: $6.13 - $464.00) - Items: 10
[2026-09-30T00:01:49.040Z] [SKU 5/37] DDR3 32GB 1600MT/s ECC RDIMM - Status: SUCCESS - Avg: $17.70 (Range: $6.25 - $31.25) - Items: 10
[2026-09-30T00:01:49.998Z] [SKU 6/37] DDR3 32GB 1866MT/s ECC RDIMM - Status: SUCCESS - Avg: $47.88 (Range: $10.00 - $249.60) - Items: 10
[2026-09-30T00:01:50.992Z] [SKU 7/37] DDR4 16GB 2133MT/s ECC RDIMM - Status: SUCCESS - Avg: $77.32 (Range: $30.00 - $175.00) - Items: 10
[2026-09-30T00:01:51.959Z] [SKU 8/37] DDR4 16GB 2400MT/s ECC RDIMM - Status: SUCCESS - Avg: $69.24 (Range: $10.00 - $149.97) - Items: 10
[2026-09-30T00:01:53.009Z] [SKU 9/37] DDR4 16GB 2666MT/s ECC RDIMM - Status: SUCCESS - Avg: $101.00 (Range: $30.00 - $280.00) - Items: 10
[2026-09-30T00:01:53.936Z] [SKU 10/37] DDR4 16GB 2933MT/s ECC RDIMM - Status: SUCCESS - Avg: $100.43 (Range: $55.00 - $139.99) - Items: 10
[2026-09-30T00:01:54.869Z] [SKU 11/37] DDR4 16GB 3200MT/s ECC RDIMM - Status: SUCCESS - Avg: $142.53 (Range: $99.00 - $280.00) - Items: 10
[2026-09-30T00:01:55.868Z] [SKU 12/37] DDR4 32GB 2133MT/s ECC RDIMM - Status: SUCCESS - Avg: $101.58 (Range: $14.38 - $175.00) - Items: 10
[2026-09-30T00:01:56.845Z] [SKU 13/37] DDR4 32GB 2400MT/s ECC RDIMM - Status: SUCCESS - Avg: $124.62 (Range: $30.00 - $175.00) - Items: 10
[2026-09-30T00:01:57.826Z] [SKU 14/37] DDR4 32GB 2666MT/s ECC RDIMM - Status: SUCCESS - Avg: $185.21 (Range: $35.00 - $280.00) - Items: 10
[2026-09-30T00:01:58.757Z] [SKU 15/37] DDR4 32GB 2933MT/s ECC RDIMM - Status: SUCCESS - Avg: $253.34 (Range: $199.00 - $309.00) - Items: 10
[2026-09-30T00:01:59.731Z] [SKU 16/37] DDR4 32GB 3200MT/s ECC RDIMM - Status: SUCCESS - Avg: $270.37 (Range: $210.00 - $370.00) - Items: 10
[2026-09-30T00:02:00.667Z] [SKU 17/37] DDR4 64GB 2133MT/s ECC RDIMM - Status: SUCCESS - Avg: $157.51 (Range: $28.13 - $375.00) - Items: 10
[2026-09-30T00:02:01.732Z] [SKU 18/37] DDR4 64GB 2400MT/s ECC RDIMM - Status: SUCCESS - Avg: $194.79 (Range: $43.63 - $390.00) - Items: 10
[2026-09-30T00:02:02.657Z] [SKU 19/37] DDR4 64GB 2666MT/s ECC RDIMM - Status: SUCCESS - Avg: $286.13 (Range: $30.00 - $520.83) - Items: 10
[2026-09-30T00:02:03.715Z] [SKU 20/37] DDR4 64GB 2933MT/s ECC RDIMM - Status: SUCCESS - Avg: $428.82 (Range: $87.25 - $599.00) - Items: 10
[2026-09-30T00:02:04.991Z] [SKU 21/37] DDR4 64GB 3200MT/s ECC RDIMM - Status: SUCCESS - Avg: $530.39 (Range: $99.00 - $750.00) - Items: 10
[2026-09-30T00:02:05.915Z] [SKU 22/37] DDR4 128GB 2666MT/s ECC RDIMM - Status: SUCCESS - Avg: $395.17 (Range: $80.00 - $899.00) - Items: 10
[2026-09-30T00:02:06.945Z] [SKU 23/37] DDR4 128GB 2933MT/s ECC RDIMM - Status: SUCCESS - Avg: $1240.13 (Range: $92.13 - $2896.00) - Items: 10
[2026-09-30T00:02:07.929Z] [SKU 24/37] DDR4 128GB 3200MT/s ECC RDIMM - Status: SUCCESS - Avg: $1580.66 (Range: $150.00 - $4723.20) - Items: 10
[2026-09-30T00:02:08.898Z] [SKU 25/37] DDR5 16GB 4800MT/s ECC RDIMM - Status: SUCCESS - Avg: $1076.25 (Range: $499.94 - $3173.60) - Items: 10
[2026-09-30T00:02:09.878Z] [SKU 26/37] DDR5 16GB 5600MT/s ECC RDIMM - Status: SUCCESS - Avg: $1064.07 (Range: $449.97 - $2995.00) - Items: 10
[2026-09-30T00:02:10.896Z] [SKU 27/37] DDR5 32GB 4800MT/s ECC RDIMM - Status: SUCCESS - Avg: $1322.96 (Range: $969.99 - $2600.00) - Items: 10
[2026-09-30T00:02:11.860Z] [SKU 28/37] DDR5 32GB 5600MT/s ECC RDIMM - Status: SUCCESS - Avg: $1348.20 (Range: $1000.00 - $1699.00) - Items: 10
[2026-09-30T00:02:12.818Z] [SKU 29/37] DDR5 48GB 5600MT/s ECC RDIMM - Status: SUCCESS - Avg: $2729.20 (Range: $1850.00 - $3927.00) - Items: 5
[2026-09-30T00:02:13.778Z] [SKU 30/37] DDR5 64GB 4800MT/s ECC RDIMM - Status: SUCCESS - Avg: $2157.20 (Range: $925.00 - $2900.00) - Items: 10
[2026-09-30T00:02:14.698Z] [SKU 31/37] DDR5 64GB 5600MT/s ECC RDIMM - Status: SUCCESS - Avg: $2773.12 (Range: $2399.00 - $3499.00) - Items: 10
[2026-09-30T00:02:15.650Z] [SKU 32/37] DDR5 64GB 6400MT/s ECC RDIMM - Status: SUCCESS - Avg: $3010.00 (Range: $2600.00 - $3468.99) - Items: 10
[2026-09-30T00:02:16.556Z] [SKU 33/37] DDR5 96GB 5600MT/s ECC RDIMM - Status: SUCCESS - Avg: $3557.40 (Range: $2550.00 - $3879.00) - Items: 10
[2026-09-30T00:02:17.474Z] [SKU 34/37] DDR5 128GB 5600MT/s ECC RDIMM - Status: SUCCESS - Avg: $3604.69 (Range: $925.00 - $5900.00) - Items: 10
[2026-09-30T00:02:18.451Z] [SKU 35/37] DDR5 128GB 4800MT/s ECC RDIMM - Status: SUCCESS - Avg: $3578.00 (Range: $1000.00 - $4459.00) - Items: 10
[2026-09-30T00:02:19.395Z] [SKU 36/37] DDR5 128GB 5600MT/s ECC RDIMM - Status: SUCCESS - Avg: $3604.69 (Range: $925.00 - $5900.00) - Items: 10
[2026-09-30T00:02:20.355Z] [SKU 37/37] DDR5 256GB 4800MT/s ECC RDIMM - Status: SUCCESS - Avg: $4359.50 (Range: $720.00 - $7999.00) - Items: 2
[2026-09-30T00:02:20.864Z] === SYNC FINISHED - Total SKUs: 37, Success: 37, Failed: 0 - Source: eBay Production API - Overall: SUCCESS ===
[2026-10-01T00:02:03.895Z] === SYNC STARTED: Querying secondary server memory market data (37 SKUs) ===
[2026-10-01T00:02:04.285Z] Authenticated with eBay Production API. Processing 37 SKUs...
[2026-10-01T00:02:04.842Z] [SKU 1/37] DDR3 16GB 1333MT/s ECC RDIMM - Status: SUCCESS - Avg: $36.13 (Range: $9.99 - $205.60) - Items: 10
[2026-10-01T00:02:05.887Z] [SKU 2/37] DDR3 16GB 1600MT/s ECC RDIMM - Status: SUCCESS - Avg: $15.24 (Range: $7.47 - $22.73) - Items: 10
[2026-10-01T00:02:06.923Z] [SKU 3/37] DDR3 16GB 1866MT/s ECC RDIMM - Status: SUCCESS - Avg: $55.85 (Range: $9.99 - $199.20) - Items: 10
[2026-10-01T00:02:07.948Z] [SKU 4/37] DDR3 32GB 1333MT/s ECC RDIMM - Status: SUCCESS - Avg: $18.85 (Range: $6.13 - $59.95) - Items: 10
[2026-10-01T00:02:08.982Z] [SKU 5/37] DDR3 32GB 1600MT/s ECC RDIMM - Status: SUCCESS - Avg: $17.97 (Range: $6.25 - $32.71) - Items: 10
[2026-10-01T00:02:09.989Z] [SKU 6/37] DDR3 32GB 1866MT/s ECC RDIMM - Status: SUCCESS - Avg: $27.34 (Range: $12.50 - $40.00) - Items: 10
[2026-10-01T00:02:10.992Z] [SKU 7/37] DDR4 16GB 2133MT/s ECC RDIMM - Status: SUCCESS - Avg: $73.28 (Range: $30.00 - $169.00) - Items: 10
[2026-10-01T00:02:12.028Z] [SKU 8/37] DDR4 16GB 2400MT/s ECC RDIMM - Status: SUCCESS - Avg: $66.48 (Range: $10.00 - $90.00) - Items: 10
[2026-10-01T00:02:13.077Z] [SKU 9/37] DDR4 16GB 2666MT/s ECC RDIMM - Status: SUCCESS - Avg: $91.20 (Range: $30.00 - $120.00) - Items: 10
[2026-10-01T00:02:14.313Z] [SKU 10/37] DDR4 16GB 2933MT/s ECC RDIMM - Status: SUCCESS - Avg: $107.50 (Range: $55.00 - $139.99) - Items: 10
[2026-10-01T00:02:15.320Z] [SKU 11/37] DDR4 16GB 3200MT/s ECC RDIMM - Status: SUCCESS - Avg: $125.15 (Range: $67.50 - $280.00) - Items: 10
[2026-10-01T00:02:16.319Z] [SKU 12/37] DDR4 32GB 2133MT/s ECC RDIMM - Status: SUCCESS - Avg: $137.67 (Range: $30.00 - $208.00) - Items: 10
[2026-10-01T00:02:17.304Z] [SKU 13/37] DDR4 32GB 2400MT/s ECC RDIMM - Status: SUCCESS - Avg: $177.15 (Range: $90.00 - $259.99) - Items: 10
[2026-10-01T00:02:18.334Z] [SKU 14/37] DDR4 32GB 2666MT/s ECC RDIMM - Status: SUCCESS - Avg: $186.34 (Range: $35.00 - $249.99) - Items: 10
[2026-10-01T00:02:19.457Z] [SKU 15/37] DDR4 32GB 2933MT/s ECC RDIMM - Status: SUCCESS - Avg: $240.47 (Range: $190.00 - $308.74) - Items: 10
[2026-10-01T00:02:20.524Z] [SKU 16/37] DDR4 32GB 3200MT/s ECC RDIMM - Status: SUCCESS - Avg: $290.16 (Range: $210.00 - $370.00) - Items: 10
[2026-10-01T00:02:21.612Z] [SKU 17/37] DDR4 64GB 2133MT/s ECC RDIMM - Status: SUCCESS - Avg: $177.97 (Range: $66.25 - $375.00) - Items: 10
[2026-10-01T00:02:22.522Z] [SKU 18/37] DDR4 64GB 2400MT/s ECC RDIMM - Status: SUCCESS - Avg: $209.70 (Range: $43.63 - $390.00) - Items: 10
[2026-10-01T00:02:23.539Z] [SKU 19/37] DDR4 64GB 2666MT/s ECC RDIMM - Status: SUCCESS - Avg: $290.52 (Range: $26.25 - $495.99) - Items: 10
[2026-10-01T00:02:24.561Z] [SKU 20/37] DDR4 64GB 2933MT/s ECC RDIMM - Status: SUCCESS - Avg: $426.42 (Range: $87.25 - $599.00) - Items: 10
[2026-10-01T00:02:25.578Z] [SKU 21/37] DDR4 64GB 3200MT/s ECC RDIMM - Status: SUCCESS - Avg: $526.64 (Range: $99.00 - $750.00) - Items: 10
[2026-10-01T00:02:26.632Z] [SKU 22/37] DDR4 128GB 2666MT/s ECC RDIMM - Status: SUCCESS - Avg: $324.65 (Range: $80.00 - $899.00) - Items: 10
[2026-10-01T00:02:27.637Z] [SKU 23/37] DDR4 128GB 2933MT/s ECC RDIMM - Status: SUCCESS - Avg: $1238.02 (Range: $92.13 - $2896.00) - Items: 10
[2026-10-01T00:02:28.633Z] [SKU 24/37] DDR4 128GB 3200MT/s ECC RDIMM - Status: SUCCESS - Avg: $2034.87 (Range: $150.00 - $4740.80) - Items: 10
[2026-10-01T00:02:29.699Z] [SKU 25/37] DDR5 16GB 4800MT/s ECC RDIMM - Status: SUCCESS - Avg: $828.83 (Range: $499.94 - $1894.40) - Items: 10
[2026-10-01T00:02:30.788Z] [SKU 26/37] DDR5 16GB 5600MT/s ECC RDIMM - Status: SUCCESS - Avg: $1097.87 (Range: $559.99 - $2859.00) - Items: 10
[2026-10-01T00:02:31.824Z] [SKU 27/37] DDR5 32GB 4800MT/s ECC RDIMM - Status: SUCCESS - Avg: $1306.40 (Range: $900.00 - $2600.00) - Items: 10
[2026-10-01T00:02:32.896Z] [SKU 28/37] DDR5 32GB 5600MT/s ECC RDIMM - Status: SUCCESS - Avg: $1343.20 (Range: $950.00 - $1699.00) - Items: 10
[2026-10-01T00:02:33.971Z] [SKU 29/37] DDR5 48GB 5600MT/s ECC RDIMM - Status: SUCCESS - Avg: $2729.20 (Range: $1850.00 - $3927.00) - Items: 5
[2026-10-01T00:02:35.071Z] [SKU 30/37] DDR5 64GB 4800MT/s ECC RDIMM - Status: SUCCESS - Avg: $2287.91 (Range: $1074.99 - $2900.00) - Items: 10
[2026-10-01T00:02:36.060Z] [SKU 31/37] DDR5 64GB 5600MT/s ECC RDIMM - Status: SUCCESS - Avg: $2737.60 (Range: $2375.00 - $3499.00) - Items: 10
[2026-10-01T00:02:37.087Z] [SKU 32/37] DDR5 64GB 6400MT/s ECC RDIMM - Status: SUCCESS - Avg: $2999.90 (Range: $2250.00 - $3468.99) - Items: 10
[2026-10-01T00:02:38.172Z] [SKU 33/37] DDR5 96GB 5600MT/s ECC RDIMM - Status: SUCCESS - Avg: $3567.50 (Range: $2550.00 - $3879.00) - Items: 10
[2026-10-01T00:02:39.246Z] [SKU 34/37] DDR5 128GB 5600MT/s ECC RDIMM - Status: SUCCESS - Avg: $3604.69 (Range: $925.00 - $5900.00) - Items: 10
[2026-10-01T00:02:40.301Z] [SKU 35/37] DDR5 128GB 4800MT/s ECC RDIMM - Status: SUCCESS - Avg: $3949.40 (Range: $975.00 - $5399.00) - Items: 10
[2026-10-01T00:02:41.405Z] [SKU 36/37] DDR5 128GB 5600MT/s ECC RDIMM - Status: SUCCESS - Avg: $3604.69 (Range: $925.00 - $5900.00) - Items: 10
[2026-10-01T00:02:42.543Z] [SKU 37/37] DDR5 256GB 4800MT/s ECC RDIMM - Status: SUCCESS - Avg: $5739.67 (Range: $720.00 - $8500.00) - Items: 3
[2026-10-01T00:02:43.051Z] === SYNC FINISHED - Total SKUs: 37, Success: 37, Failed: 0 - Source: eBay Production API - Overall: SUCCESS ===
[2026-10-02T02:43:32.726Z] === SYNC STARTED: Querying secondary server memory market data (37 SKUs) ===
[2026-10-02T02:43:33.040Z] Authenticated with eBay Production API. Processing 37 SKUs...
[2026-10-02T02:43:33.649Z] [SKU 1/37] DDR3 16GB 1333MT/s ECC RDIMM - Status: SUCCESS - Avg: $43.20 (Range: $12.00 - $205.60) - Items: 10
[2026-10-02T02:43:34.679Z] [SKU 2/37] DDR3 16GB 1600MT/s ECC RDIMM - Status: SUCCESS - Avg: $20.55 (Range: $7.47 - $74.99) - Items: 10
[2026-10-02T02:43:35.631Z] [SKU 3/37] DDR3 16GB 1866MT/s ECC RDIMM - Status: SUCCESS - Avg: $38.38 (Range: $8.00 - $197.60) - Items: 10
[2026-10-02T02:43:36.653Z] [SKU 4/37] DDR3 32GB 1333MT/s ECC RDIMM - Status: SUCCESS - Avg: $21.66 (Range: $6.13 - $59.95) - Items: 10
[2026-10-02T02:43:37.639Z] [SKU 5/37] DDR3 32GB 1600MT/s ECC RDIMM - Status: SUCCESS - Avg: $18.72 (Range: $6.25 - $32.71) - Items: 10
[2026-10-02T02:43:38.640Z] [SKU 6/37] DDR3 32GB 1866MT/s ECC RDIMM - Status: SUCCESS - Avg: $48.88 (Range: $12.50 - $249.60) - Items: 10
[2026-10-02T02:43:39.691Z] [SKU 7/37] DDR4 16GB 2133MT/s ECC RDIMM - Status: SUCCESS - Avg: $98.74 (Range: $30.00 - $239.99) - Items: 10
[2026-10-02T02:43:40.634Z] [SKU 8/37] DDR4 16GB 2400MT/s ECC RDIMM - Status: SUCCESS - Avg: $69.75 (Range: $22.50 - $94.99) - Items: 10
[2026-10-02T02:43:41.632Z] [SKU 9/37] DDR4 16GB 2666MT/s ECC RDIMM - Status: SUCCESS - Avg: $100.70 (Range: $60.00 - $169.99) - Items: 10
[2026-10-02T02:43:42.669Z] [SKU 10/37] DDR4 16GB 2933MT/s ECC RDIMM - Status: SUCCESS - Avg: $122.69 (Range: $82.00 - $199.00) - Items: 10
[2026-10-02T02:43:43.711Z] [SKU 11/37] DDR4 16GB 3200MT/s ECC RDIMM - Status: SUCCESS - Avg: $117.35 (Range: $67.50 - $187.99) - Items: 10
[2026-10-02T02:43:44.683Z] [SKU 12/37] DDR4 32GB 2133MT/s ECC RDIMM - Status: SUCCESS - Avg: $164.09 (Range: $59.99 - $299.99) - Items: 10
[2026-10-02T02:43:45.744Z] [SKU 13/37] DDR4 32GB 2400MT/s ECC RDIMM - Status: SUCCESS - Avg: $180.30 (Range: $90.00 - $299.99) - Items: 10
[2026-10-02T02:43:46.729Z] [SKU 14/37] DDR4 32GB 2666MT/s ECC RDIMM - Status: SUCCESS - Avg: $203.59 (Range: $35.00 - $299.99) - Items: 10
[2026-10-02T02:43:47.752Z] [SKU 15/37] DDR4 32GB 2933MT/s ECC RDIMM - Status: SUCCESS - Avg: $228.75 (Range: $100.00 - $359.99) - Items: 10
[2026-10-02T02:43:48.727Z] [SKU 16/37] DDR4 32GB 3200MT/s ECC RDIMM - Status: SUCCESS - Avg: $284.26 (Range: $210.00 - $370.00) - Items: 10
[2026-10-02T02:43:49.765Z] [SKU 17/37] DDR4 64GB 2133MT/s ECC RDIMM - Status: SUCCESS - Avg: $195.60 (Range: $67.49 - $375.00) - Items: 10
[2026-10-02T02:43:50.740Z] [SKU 18/37] DDR4 64GB 2400MT/s ECC RDIMM - Status: SUCCESS - Avg: $176.38 (Range: $9.37 - $377.10) - Items: 10
[2026-10-02T02:43:51.747Z] [SKU 19/37] DDR4 64GB 2666MT/s ECC RDIMM - Status: SUCCESS - Avg: $309.30 (Range: $99.99 - $495.99) - Items: 10
[2026-10-02T02:43:52.768Z] [SKU 20/37] DDR4 64GB 2933MT/s ECC RDIMM - Status: SUCCESS - Avg: $410.42 (Range: $87.25 - $599.00) - Items: 10
[2026-10-02T02:43:53.795Z] [SKU 21/37] DDR4 64GB 3200MT/s ECC RDIMM - Status: SUCCESS - Avg: $548.54 (Range: $99.00 - $795.00) - Items: 10
[2026-10-02T02:43:54.772Z] [SKU 22/37] DDR4 128GB 2666MT/s ECC RDIMM - Status: SUCCESS - Avg: $379.60 (Range: $81.25 - $899.00) - Items: 10
[2026-10-02T02:43:55.790Z] [SKU 23/37] DDR4 128GB 2933MT/s ECC RDIMM - Status: SUCCESS - Avg: $918.63 (Range: $92.13 - $2896.00) - Items: 10
[2026-10-02T02:43:56.742Z] [SKU 24/37] DDR4 128GB 3200MT/s ECC RDIMM - Status: SUCCESS - Avg: $1608.29 (Range: $150.00 - $4723.20) - Items: 10
[2026-10-02T02:43:57.746Z] [SKU 25/37] DDR5 16GB 4800MT/s ECC RDIMM - Status: SUCCESS - Avg: $778.93 (Range: $200.00 - $1894.40) - Items: 10
[2026-10-02T02:43:58.787Z] [SKU 26/37] DDR5 16GB 5600MT/s ECC RDIMM - Status: SUCCESS - Avg: $1066.83 (Range: $449.97 - $2859.00) - Items: 10
[2026-10-02T02:44:00.587Z] [SKU 27/37] DDR5 32GB 4800MT/s ECC RDIMM - Status: SUCCESS - Avg: $1246.00 (Range: $200.00 - $2600.00) - Items: 10
[2026-10-02T02:44:01.505Z] [SKU 28/37] DDR5 32GB 5600MT/s ECC RDIMM - Status: SUCCESS - Avg: $1529.94 (Range: $950.00 - $3118.40) - Items: 10
[2026-10-02T02:44:02.579Z] [SKU 29/37] DDR5 48GB 5600MT/s ECC RDIMM - Status: SUCCESS - Avg: $2729.20 (Range: $1850.00 - $3927.00) - Items: 5
[2026-10-02T02:44:03.601Z] [SKU 30/37] DDR5 64GB 4800MT/s ECC RDIMM - Status: SUCCESS - Avg: $2418.41 (Range: $1800.00 - $2900.00) - Items: 10
[2026-10-02T02:44:04.543Z] [SKU 31/37] DDR5 64GB 5600MT/s ECC RDIMM - Status: SUCCESS - Avg: $2769.20 (Range: $2399.00 - $3499.00) - Items: 10
[2026-10-02T02:44:05.472Z] [SKU 32/37] DDR5 64GB 6400MT/s ECC RDIMM - Status: SUCCESS - Avg: $3038.20 (Range: $2599.99 - $3468.99) - Items: 10
[2026-10-02T02:44:06.429Z] [SKU 33/37] DDR5 96GB 5600MT/s ECC RDIMM - Status: SUCCESS - Avg: $3557.50 (Range: $2550.00 - $3879.00) - Items: 10
[2026-10-02T02:44:07.378Z] [SKU 34/37] DDR5 128GB 5600MT/s ECC RDIMM - Status: SUCCESS - Avg: $3891.99 (Range: $999.98 - $5424.00) - Items: 10
[2026-10-02T02:44:08.364Z] [SKU 35/37] DDR5 128GB 4800MT/s ECC RDIMM - Status: SUCCESS - Avg: $3575.66 (Range: $950.00 - $4800.00) - Items: 9
[2026-10-02T02:44:09.273Z] [SKU 36/37] DDR5 128GB 5600MT/s ECC RDIMM - Status: SUCCESS - Avg: $3891.99 (Range: $999.98 - $5424.00) - Items: 10
[2026-10-02T02:44:10.306Z] [SKU 37/37] DDR5 256GB 4800MT/s ECC RDIMM - Status: SUCCESS - Avg: $5739.67 (Range: $720.00 - $8500.00) - Items: 3
[2026-10-02T02:44:10.815Z] === SYNC FINISHED - Total SKUs: 37, Success: 37, Failed: 0 - Source: eBay Production API - Overall: SUCCESS ===
[2026-10-03T02:29:53.413Z] === SYNC STARTED: Querying secondary server memory market data (37 SKUs) ===
[2026-10-03T02:29:53.796Z] Authenticated with eBay Production API. Processing 37 SKUs...
[2026-10-03T02:29:54.566Z] [SKU 1/37] DDR3 16GB 1333MT/s ECC RDIMM - Status: SUCCESS - Avg: $40.96 (Range: $12.00 - $205.60) - Items: 10
[2026-10-03T02:29:55.617Z] [SKU 2/37] DDR3 16GB 1600MT/s ECC RDIMM - Status: SUCCESS - Avg: $21.22 (Range: $7.50 - $74.99) - Items: 10
[2026-10-03T02:29:56.709Z] [SKU 3/37] DDR3 16GB 1866MT/s ECC RDIMM - Status: SUCCESS - Avg: $38.38 (Range: $8.00 - $197.60) - Items: 10
[2026-10-03T02:29:57.761Z] [SKU 4/37] DDR3 32GB 1333MT/s ECC RDIMM - Status: SUCCESS - Avg: $21.53 (Range: $6.13 - $59.95) - Items: 10
[2026-10-03T02:29:58.788Z] [SKU 5/37] DDR3 32GB 1600MT/s ECC RDIMM - Status: SUCCESS - Avg: $16.17 (Range: $6.25 - $31.25) - Items: 10
[2026-10-03T02:29:59.790Z] [SKU 6/37] DDR3 32GB 1866MT/s ECC RDIMM - Status: SUCCESS - Avg: $50.68 (Range: $12.50 - $249.60) - Items: 10
[2026-10-03T02:30:00.854Z] [SKU 7/37] DDR4 16GB 2133MT/s ECC RDIMM - Status: SUCCESS - Avg: $103.64 (Range: $30.00 - $239.99) - Items: 10
[2026-10-03T02:30:01.880Z] [SKU 8/37] DDR4 16GB 2400MT/s ECC RDIMM - Status: SUCCESS - Avg: $91.75 (Range: $22.50 - $229.99) - Items: 10
[2026-10-03T02:30:02.957Z] [SKU 9/37] DDR4 16GB 2666MT/s ECC RDIMM - Status: SUCCESS - Avg: $86.93 (Range: $42.42 - $115.99) - Items: 10
[2026-10-03T02:30:04.004Z] [SKU 10/37] DDR4 16GB 2933MT/s ECC RDIMM - Status: SUCCESS - Avg: $114.30 (Range: $55.00 - $199.00) - Items: 10
[2026-10-03T02:30:04.989Z] [SKU 11/37] DDR4 16GB 3200MT/s ECC RDIMM - Status: SUCCESS - Avg: $123.36 (Range: $90.00 - $179.00) - Items: 10
[2026-10-03T02:30:05.976Z] [SKU 12/37] DDR4 32GB 2133MT/s ECC RDIMM - Status: SUCCESS - Avg: $140.79 (Range: $44.99 - $299.99) - Items: 10
[2026-10-03T02:30:07.021Z] [SKU 13/37] DDR4 32GB 2400MT/s ECC RDIMM - Status: SUCCESS - Avg: $178.90 (Range: $119.99 - $259.99) - Items: 10
[2026-10-03T02:30:08.066Z] [SKU 14/37] DDR4 32GB 2666MT/s ECC RDIMM - Status: SUCCESS - Avg: $186.20 (Range: $35.00 - $279.00) - Items: 10
[2026-10-03T02:30:09.131Z] [SKU 15/37] DDR4 32GB 2933MT/s ECC RDIMM - Status: SUCCESS - Avg: $274.25 (Range: $178.57 - $359.99) - Items: 10
[2026-10-03T02:30:10.141Z] [SKU 16/37] DDR4 32GB 3200MT/s ECC RDIMM - Status: SUCCESS - Avg: $280.40 (Range: $179.00 - $370.00) - Items: 10
[2026-10-03T02:30:11.173Z] [SKU 17/37] DDR4 64GB 2133MT/s ECC RDIMM - Status: SUCCESS - Avg: $198.97 (Range: $67.49 - $375.00) - Items: 10
[2026-10-03T02:30:12.215Z] [SKU 18/37] DDR4 64GB 2400MT/s ECC RDIMM - Status: SUCCESS - Avg: $188.47 (Range: $43.63 - $377.10) - Items: 10
[2026-10-03T02:30:13.209Z] [SKU 19/37] DDR4 64GB 2666MT/s ECC RDIMM - Status: SUCCESS - Avg: $235.30 (Range: $99.99 - $450.00) - Items: 10
[2026-10-03T02:30:14.248Z] [SKU 20/37] DDR4 64GB 2933MT/s ECC RDIMM - Status: SUCCESS - Avg: $430.92 (Range: $87.25 - $599.00) - Items: 10
[2026-10-03T02:30:15.257Z] [SKU 21/37] DDR4 64GB 3200MT/s ECC RDIMM - Status: SUCCESS - Avg: $559.64 (Range: $99.00 - $811.49) - Items: 10
[2026-10-03T02:30:16.282Z] [SKU 22/37] DDR4 128GB 2666MT/s ECC RDIMM - Status: SUCCESS - Avg: $500.97 (Range: $100.00 - $1054.99) - Items: 10
[2026-10-03T02:30:17.293Z] [SKU 23/37] DDR4 128GB 2933MT/s ECC RDIMM - Status: SUCCESS - Avg: $912.34 (Range: $92.13 - $2896.00) - Items: 10
[2026-10-03T02:30:18.307Z] [SKU 24/37] DDR4 128GB 3200MT/s ECC RDIMM - Status: SUCCESS - Avg: $1563.67 (Range: $150.00 - $4723.20) - Items: 10
[2026-10-03T02:30:19.300Z] [SKU 25/37] DDR5 16GB 4800MT/s ECC RDIMM - Status: SUCCESS - Avg: $818.83 (Range: $460.00 - $1894.40) - Items: 10
[2026-10-03T02:30:20.343Z] [SKU 26/37] DDR5 16GB 5600MT/s ECC RDIMM - Status: SUCCESS - Avg: $809.53 (Range: $449.00 - $2850.00) - Items: 10
[2026-10-03T02:30:21.325Z] [SKU 27/37] DDR5 32GB 4800MT/s ECC RDIMM - Status: SUCCESS - Avg: $1393.80 (Range: $969.99 - $2600.00) - Items: 10
[2026-10-03T02:30:22.341Z] [SKU 28/37] DDR5 32GB 5600MT/s ECC RDIMM - Status: SUCCESS - Avg: $1545.63 (Range: $950.00 - $3118.40) - Items: 10
[2026-10-03T02:30:23.320Z] [SKU 29/37] DDR5 48GB 5600MT/s ECC RDIMM - Status: SUCCESS - Avg: $2729.20 (Range: $1850.00 - $3927.00) - Items: 5
[2026-10-03T02:30:24.278Z] [SKU 30/37] DDR5 64GB 4800MT/s ECC RDIMM - Status: SUCCESS - Avg: $2387.40 (Range: $1800.00 - $2900.00) - Items: 10
[2026-10-03T02:30:25.232Z] [SKU 31/37] DDR5 64GB 5600MT/s ECC RDIMM - Status: SUCCESS - Avg: $2749.20 (Range: $2399.00 - $3299.00) - Items: 10
[2026-10-03T02:30:26.246Z] [SKU 32/37] DDR5 64GB 6400MT/s ECC RDIMM - Status: SUCCESS - Avg: $3046.90 (Range: $2599.99 - $3359.99) - Items: 10
[2026-10-03T02:30:27.251Z] [SKU 33/37] DDR5 96GB 5600MT/s ECC RDIMM - Status: SUCCESS - Avg: $3557.00 (Range: $2550.00 - $3879.00) - Items: 10
[2026-10-03T02:30:28.287Z] [SKU 34/37] DDR5 128GB 5600MT/s ECC RDIMM - Status: SUCCESS - Avg: $3497.09 (Range: $999.98 - $5424.00) - Items: 10
[2026-10-03T02:30:29.255Z] [SKU 35/37] DDR5 128GB 4800MT/s ECC RDIMM - Status: SUCCESS - Avg: $3958.00 (Range: $2099.99 - $4800.00) - Items: 9
[2026-10-03T02:30:30.248Z] [SKU 36/37] DDR5 128GB 5600MT/s ECC RDIMM - Status: SUCCESS - Avg: $3497.09 (Range: $999.98 - $5424.00) - Items: 10
[2026-10-03T02:30:31.170Z] [SKU 37/37] DDR5 256GB 4800MT/s ECC RDIMM - Status: SUCCESS - Avg: $5572.67 (Range: $720.00 - $7999.00) - Items: 3
[2026-10-03T02:30:31.678Z] === SYNC FINISHED - Total SKUs: 37, Success: 37, Failed: 0 - Source: eBay Production API - Overall: SUCCESS ===
[2026-10-04T03:00:28.376Z] === SYNC STARTED: Querying secondary server memory market data (37 SKUs) ===
[2026-10-04T03:00:28.629Z] Authenticated with eBay Production API. Processing 37 SKUs...
[2026-10-04T03:00:29.230Z] [SKU 1/37] DDR3 16GB 1333MT/s ECC RDIMM - Status: SUCCESS - Avg: $40.16 (Range: $9.99 - $205.60) - Items: 10
[2026-10-04T03:00:30.352Z] [SKU 2/37] DDR3 16GB 1600MT/s ECC RDIMM - Status: SUCCESS - Avg: $44.98 (Range: $7.50 - $250.00) - Items: 10
[2026-10-04T03:00:31.370Z] [SKU 3/37] DDR3 16GB 1866MT/s ECC RDIMM - Status: SUCCESS - Avg: $41.92 (Range: $8.00 - $250.00) - Items: 10
[2026-10-04T03:00:32.473Z] [SKU 4/37] DDR3 32GB 1333MT/s ECC RDIMM - Status: SUCCESS - Avg: $21.53 (Range: $6.13 - $59.95) - Items: 10
[2026-10-04T03:00:33.496Z] [SKU 5/37] DDR3 32GB 1600MT/s ECC RDIMM - Status: SUCCESS - Avg: $16.95 (Range: $5.08 - $31.25) - Items: 10
[2026-10-04T03:00:34.515Z] [SKU 6/37] DDR3 32GB 1866MT/s ECC RDIMM - Status: SUCCESS - Avg: $53.23 (Range: $12.50 - $249.60) - Items: 10
[2026-10-04T03:00:35.507Z] [SKU 7/37] DDR4 16GB 2133MT/s ECC RDIMM - Status: SUCCESS - Avg: $115.77 (Range: $30.00 - $250.00) - Items: 10
[2026-10-04T03:00:36.526Z] [SKU 8/37] DDR4 16GB 2400MT/s ECC RDIMM - Status: SUCCESS - Avg: $75.92 (Range: $60.00 - $90.00) - Items: 10
[2026-10-04T03:00:37.836Z] [SKU 9/37] DDR4 16GB 2666MT/s ECC RDIMM - Status: SUCCESS - Avg: $102.70 (Range: $60.00 - $169.99) - Items: 10
[2026-10-04T03:00:38.863Z] [SKU 10/37] DDR4 16GB 2933MT/s ECC RDIMM - Status: SUCCESS - Avg: $122.88 (Range: $69.97 - $199.00) - Items: 10
[2026-10-04T03:00:40.106Z] [SKU 11/37] DDR4 16GB 3200MT/s ECC RDIMM - Status: SUCCESS - Avg: $111.78 (Range: $83.00 - $146.78) - Items: 10
[2026-10-04T03:00:41.213Z] [SKU 12/37] DDR4 32GB 2133MT/s ECC RDIMM - Status: SUCCESS - Avg: $144.84 (Range: $44.99 - $299.99) - Items: 10
[2026-10-04T03:00:42.212Z] [SKU 13/37] DDR4 32GB 2400MT/s ECC RDIMM - Status: SUCCESS - Avg: $171.39 (Range: $90.00 - $259.99) - Items: 10
[2026-10-04T03:00:43.292Z] [SKU 14/37] DDR4 32GB 2666MT/s ECC RDIMM - Status: SUCCESS - Avg: $204.64 (Range: $150.00 - $279.00) - Items: 10
[2026-10-04T03:00:44.318Z] [SKU 15/37] DDR4 32GB 2933MT/s ECC RDIMM - Status: SUCCESS - Avg: $250.38 (Range: $69.97 - $359.99) - Items: 10
[2026-10-04T03:00:45.306Z] [SKU 16/37] DDR4 32GB 3200MT/s ECC RDIMM - Status: SUCCESS - Avg: $294.66 (Range: $179.00 - $379.99) - Items: 10
[2026-10-04T03:00:46.310Z] [SKU 17/37] DDR4 64GB 2133MT/s ECC RDIMM - Status: SUCCESS - Avg: $175.45 (Range: $43.75 - $375.00) - Items: 10
[2026-10-04T03:00:47.243Z] [SKU 18/37] DDR4 64GB 2400MT/s ECC RDIMM - Status: SUCCESS - Avg: $188.37 (Range: $43.63 - $377.10) - Items: 10
[2026-10-04T03:00:48.238Z] [SKU 19/37] DDR4 64GB 2666MT/s ECC RDIMM - Status: SUCCESS - Avg: $226.10 (Range: $80.00 - $450.00) - Items: 10
[2026-10-04T03:00:49.236Z] [SKU 20/37] DDR4 64GB 2933MT/s ECC RDIMM - Status: SUCCESS - Avg: $406.02 (Range: $87.25 - $599.00) - Items: 10
[2026-10-04T03:00:50.247Z] [SKU 21/37] DDR4 64GB 3200MT/s ECC RDIMM - Status: SUCCESS - Avg: $552.29 (Range: $99.00 - $795.00) - Items: 10
[2026-10-04T03:00:51.259Z] [SKU 22/37] DDR4 128GB 2666MT/s ECC RDIMM - Status: SUCCESS - Avg: $430.47 (Range: $100.00 - $899.00) - Items: 10
[2026-10-04T03:00:52.253Z] [SKU 23/37] DDR4 128GB 2933MT/s ECC RDIMM - Status: SUCCESS - Avg: $844.60 (Range: $92.13 - $2896.00) - Items: 10
[2026-10-04T03:00:53.280Z] [SKU 24/37] DDR4 128GB 3200MT/s ECC RDIMM - Status: SUCCESS - Avg: $1491.92 (Range: $150.00 - $4723.20) - Items: 10
[2026-10-04T03:00:54.283Z] [SKU 25/37] DDR5 16GB 4800MT/s ECC RDIMM - Status: SUCCESS - Avg: $822.83 (Range: $499.94 - $1894.40) - Items: 10
[2026-10-04T03:00:55.312Z] [SKU 26/37] DDR5 16GB 5600MT/s ECC RDIMM - Status: SUCCESS - Avg: $1039.03 (Range: $449.00 - $2995.00) - Items: 10
[2026-10-04T03:00:56.335Z] [SKU 27/37] DDR5 32GB 4800MT/s ECC RDIMM - Status: SUCCESS - Avg: $1370.60 (Range: $999.00 - $2600.00) - Items: 10
[2026-10-04T03:00:57.343Z] [SKU 28/37] DDR5 32GB 5600MT/s ECC RDIMM - Status: SUCCESS - Avg: $1462.43 (Range: $950.00 - $3118.40) - Items: 10
[2026-10-04T03:00:58.384Z] [SKU 29/37] DDR5 48GB 5600MT/s ECC RDIMM - Status: SUCCESS - Avg: $2729.20 (Range: $1850.00 - $3927.00) - Items: 5
[2026-10-04T03:00:59.533Z] [SKU 30/37] DDR5 64GB 4800MT/s ECC RDIMM - Status: SUCCESS - Avg: $2425.91 (Range: $1800.00 - $2900.00) - Items: 10
[2026-10-04T03:01:00.614Z] [SKU 31/37] DDR5 64GB 5600MT/s ECC RDIMM - Status: SUCCESS - Avg: $2709.10 (Range: $2399.00 - $3299.00) - Items: 10
[2026-10-04T03:01:01.668Z] [SKU 32/37] DDR5 64GB 6400MT/s ECC RDIMM - Status: SUCCESS - Avg: $3035.11 (Range: $2599.99 - $3359.99) - Items: 10
[2026-10-04T03:01:02.878Z] [SKU 33/37] DDR5 96GB 5600MT/s ECC RDIMM - Status: SUCCESS - Avg: $3567.00 (Range: $2550.00 - $3879.00) - Items: 10
[2026-10-04T03:01:03.860Z] [SKU 34/37] DDR5 128GB 5600MT/s ECC RDIMM - Status: SUCCESS - Avg: $3497.09 (Range: $999.98 - $5424.00) - Items: 10
[2026-10-04T03:01:04.825Z] [SKU 35/37] DDR5 128GB 4800MT/s ECC RDIMM - Status: SUCCESS - Avg: $3958.00 (Range: $2099.99 - $4800.00) - Items: 9
[2026-10-04T03:01:05.870Z] [SKU 36/37] DDR5 128GB 5600MT/s ECC RDIMM - Status: SUCCESS - Avg: $3497.09 (Range: $999.98 - $5424.00) - Items: 10
[2026-10-04T03:01:06.885Z] [SKU 37/37] DDR5 256GB 4800MT/s ECC RDIMM - Status: SUCCESS - Avg: $4457.63 (Range: $720.00 - $7999.00) - Items: 4
[2026-10-04T03:01:07.396Z] === SYNC FINISHED - Total SKUs: 37, Success: 37, Failed: 0 - Source: eBay Production API - Overall: SUCCESS ===
[2026-10-05T02:34:04.332Z] === SYNC STARTED: Querying secondary server memory market data (37 SKUs) ===
[2026-10-05T02:34:04.680Z] Authenticated with eBay Production API. Processing 37 SKUs...
[2026-10-05T02:34:05.316Z] [SKU 1/37] DDR3 16GB 1333MT/s ECC RDIMM - Status: SUCCESS - Avg: $40.28 (Range: $14.99 - $205.60) - Items: 10
[2026-10-05T02:34:06.311Z] [SKU 2/37] DDR3 16GB 1600MT/s ECC RDIMM - Status: SUCCESS - Avg: $36.72 (Range: $7.47 - $139.99) - Items: 10
[2026-10-05T02:34:07.296Z] [SKU 3/37] DDR3 16GB 1866MT/s ECC RDIMM - Status: SUCCESS - Avg: $21.23 (Range: $8.00 - $46.99) - Items: 10
[2026-10-05T02:34:08.352Z] [SKU 4/37] DDR3 32GB 1333MT/s ECC RDIMM - Status: SUCCESS - Avg: $23.96 (Range: $6.13 - $59.95) - Items: 10
[2026-10-05T02:34:09.319Z] [SKU 5/37] DDR3 32GB 1600MT/s ECC RDIMM - Status: SUCCESS - Avg: $17.10 (Range: $5.08 - $32.71) - Items: 10
[2026-10-05T02:34:10.322Z] [SKU 6/37] DDR3 32GB 1866MT/s ECC RDIMM - Status: SUCCESS - Avg: $53.23 (Range: $12.50 - $249.60) - Items: 10
[2026-10-05T02:34:11.317Z] [SKU 7/37] DDR4 16GB 2133MT/s ECC RDIMM - Status: SUCCESS - Avg: $74.53 (Range: $32.50 - $164.00) - Items: 10
[2026-10-05T02:34:12.290Z] [SKU 8/37] DDR4 16GB 2400MT/s ECC RDIMM - Status: SUCCESS - Avg: $69.40 (Range: $27.50 - $85.00) - Items: 10
[2026-10-05T02:34:13.281Z] [SKU 9/37] DDR4 16GB 2666MT/s ECC RDIMM - Status: SUCCESS - Avg: $104.45 (Range: $60.00 - $169.99) - Items: 10
[2026-10-05T02:34:14.318Z] [SKU 10/37] DDR4 16GB 2933MT/s ECC RDIMM - Status: SUCCESS - Avg: $109.48 (Range: $69.97 - $139.99) - Items: 10
[2026-10-05T02:34:15.258Z] [SKU 11/37] DDR4 16GB 3200MT/s ECC RDIMM - Status: SUCCESS - Avg: $105.47 (Range: $74.75 - $187.99) - Items: 10
[2026-10-05T02:34:16.300Z] [SKU 12/37] DDR4 32GB 2133MT/s ECC RDIMM - Status: SUCCESS - Avg: $162.29 (Range: $75.00 - $299.99) - Items: 10
[2026-10-05T02:34:17.341Z] [SKU 13/37] DDR4 32GB 2400MT/s ECC RDIMM - Status: SUCCESS - Avg: $180.17 (Range: $90.00 - $299.99) - Items: 10
[2026-10-05T02:34:18.280Z] [SKU 14/37] DDR4 32GB 2666MT/s ECC RDIMM - Status: SUCCESS - Avg: $216.54 (Range: $169.95 - $299.99) - Items: 10
[2026-10-05T02:34:19.286Z] [SKU 15/37] DDR4 32GB 2933MT/s ECC RDIMM - Status: SUCCESS - Avg: $251.89 (Range: $69.97 - $359.99) - Items: 10
[2026-10-05T02:34:20.288Z] [SKU 16/37] DDR4 32GB 3200MT/s ECC RDIMM - Status: SUCCESS - Avg: $232.30 (Range: $75.00 - $370.00) - Items: 10
[2026-10-05T02:34:21.233Z] [SKU 17/37] DDR4 64GB 2133MT/s ECC RDIMM - Status: SUCCESS - Avg: $184.34 (Range: $68.74 - $375.00) - Items: 10
[2026-10-05T02:34:22.223Z] [SKU 18/37] DDR4 64GB 2400MT/s ECC RDIMM - Status: SUCCESS - Avg: $228.70 (Range: $43.63 - $390.00) - Items: 10
[2026-10-05T02:34:23.200Z] [SKU 19/37] DDR4 64GB 2666MT/s ECC RDIMM - Status: SUCCESS - Avg: $256.37 (Range: $74.75 - $495.99) - Items: 10
[2026-10-05T02:34:24.161Z] [SKU 20/37] DDR4 64GB 2933MT/s ECC RDIMM - Status: SUCCESS - Avg: $444.60 (Range: $235.00 - $599.00) - Items: 10
[2026-10-05T02:34:25.138Z] [SKU 21/37] DDR4 64GB 3200MT/s ECC RDIMM - Status: SUCCESS - Avg: $466.87 (Range: $74.75 - $749.99) - Items: 10
[2026-10-05T02:34:26.133Z] [SKU 22/37] DDR4 128GB 2666MT/s ECC RDIMM - Status: SUCCESS - Avg: $435.90 (Range: $100.00 - $899.00) - Items: 10
[2026-10-05T02:34:27.096Z] [SKU 23/37] DDR4 128GB 2933MT/s ECC RDIMM - Status: SUCCESS - Avg: $933.29 (Range: $212.50 - $2896.00) - Items: 10
[2026-10-05T02:34:28.018Z] [SKU 24/37] DDR4 128GB 3200MT/s ECC RDIMM - Status: SUCCESS - Avg: $1481.46 (Range: $120.13 - $4723.20) - Items: 10
[2026-10-05T02:34:28.986Z] [SKU 25/37] DDR5 16GB 4800MT/s ECC RDIMM - Status: SUCCESS - Avg: $822.83 (Range: $499.94 - $1894.40) - Items: 10
[2026-10-05T02:34:30.015Z] [SKU 26/37] DDR5 16GB 5600MT/s ECC RDIMM - Status: SUCCESS - Avg: $797.53 (Range: $449.00 - $2850.00) - Items: 10
[2026-10-05T02:34:30.992Z] [SKU 27/37] DDR5 32GB 4800MT/s ECC RDIMM - Status: SUCCESS - Avg: $1319.10 (Range: $799.00 - $2600.00) - Items: 10
[2026-10-05T02:34:31.960Z] [SKU 28/37] DDR5 32GB 5600MT/s ECC RDIMM - Status: SUCCESS - Avg: $1517.34 (Range: $950.00 - $3118.40) - Items: 10
[2026-10-05T02:34:32.899Z] [SKU 29/37] DDR5 48GB 5600MT/s ECC RDIMM - Status: SUCCESS - Avg: $2389.80 (Range: $1250.00 - $4900.00) - Items: 5
[2026-10-05T02:34:33.821Z] [SKU 30/37] DDR5 64GB 4800MT/s ECC RDIMM - Status: SUCCESS - Avg: $2396.31 (Range: $1800.00 - $2900.00) - Items: 10
[2026-10-05T02:34:34.789Z] [SKU 31/37] DDR5 64GB 5600MT/s ECC RDIMM - Status: SUCCESS - Avg: $2749.20 (Range: $2399.00 - $3299.00) - Items: 10
[2026-10-05T02:34:35.842Z] [SKU 32/37] DDR5 64GB 6400MT/s ECC RDIMM - Status: SUCCESS - Avg: $3035.11 (Range: $2599.99 - $3359.99) - Items: 10
[2026-10-05T02:34:36.797Z] [SKU 33/37] DDR5 96GB 5600MT/s ECC RDIMM - Status: SUCCESS - Avg: $3567.00 (Range: $2550.00 - $3879.00) - Items: 10
[2026-10-05T02:34:37.755Z] [SKU 34/37] DDR5 128GB 5600MT/s ECC RDIMM - Status: SUCCESS - Avg: $3497.09 (Range: $999.98 - $5424.00) - Items: 10
[2026-10-05T02:34:38.770Z] [SKU 35/37] DDR5 128GB 4800MT/s ECC RDIMM - Status: SUCCESS - Avg: $3958.00 (Range: $2099.99 - $4800.00) - Items: 9
[2026-10-05T02:34:39.765Z] [SKU 36/37] DDR5 128GB 5600MT/s ECC RDIMM - Status: SUCCESS - Avg: $3497.09 (Range: $999.98 - $5424.00) - Items: 10
[2026-10-05T02:34:40.768Z] [SKU 37/37] DDR5 256GB 4800MT/s ECC RDIMM - Status: SUCCESS - Avg: $4457.63 (Range: $720.00 - $7999.00) - Items: 4
[2026-10-05T02:34:41.277Z] === SYNC FINISHED - Total SKUs: 37, Success: 37, Failed: 0 - Source: eBay Production API - Overall: SUCCESS ===
[2026-10-06T03:28:05.025Z] === SYNC STARTED: Querying secondary server memory market data (37 SKUs) ===
[2026-10-06T03:28:05.517Z] Authenticated with eBay Production API. Processing 37 SKUs...
[2026-10-06T03:28:06.109Z] [SKU 1/37] DDR3 16GB 1333MT/s ECC RDIMM - Status: SUCCESS - Avg: $38.71 (Range: $8.99 - $205.60) - Items: 10
[2026-10-06T03:28:07.146Z] [SKU 2/37] DDR3 16GB 1600MT/s ECC RDIMM - Status: SUCCESS - Avg: $24.67 (Range: $7.47 - $74.99) - Items: 10
[2026-10-06T03:28:08.221Z] [SKU 3/37] DDR3 16GB 1866MT/s ECC RDIMM - Status: SUCCESS - Avg: $25.81 (Range: $8.00 - $46.99) - Items: 10
[2026-10-06T03:28:09.325Z] [SKU 4/37] DDR3 32GB 1333MT/s ECC RDIMM - Status: SUCCESS - Avg: $24.50 (Range: $6.13 - $64.99) - Items: 10
[2026-10-06T03:28:10.350Z] [SKU 5/37] DDR3 32GB 1600MT/s ECC RDIMM - Status: SUCCESS - Avg: $17.27 (Range: $6.25 - $29.99) - Items: 10
[2026-10-06T03:28:11.398Z] [SKU 6/37] DDR3 32GB 1866MT/s ECC RDIMM - Status: SUCCESS - Avg: $28.12 (Range: $12.50 - $40.00) - Items: 10
[2026-10-06T03:28:12.404Z] [SKU 7/37] DDR4 16GB 2133MT/s ECC RDIMM - Status: SUCCESS - Avg: $76.57 (Range: $35.00 - $160.00) - Items: 10
[2026-10-06T03:28:13.416Z] [SKU 8/37] DDR4 16GB 2400MT/s ECC RDIMM - Status: SUCCESS - Avg: $69.15 (Range: $27.50 - $85.00) - Items: 10
[2026-10-06T03:28:14.481Z] [SKU 9/37] DDR4 16GB 2666MT/s ECC RDIMM - Status: SUCCESS - Avg: $100.55 (Range: $60.00 - $169.99) - Items: 10
[2026-10-06T03:28:15.496Z] [SKU 10/37] DDR4 16GB 2933MT/s ECC RDIMM - Status: SUCCESS - Avg: $110.34 (Range: $69.97 - $139.99) - Items: 10
[2026-10-06T03:28:16.575Z] [SKU 11/37] DDR4 16GB 3200MT/s ECC RDIMM - Status: SUCCESS - Avg: $108.27 (Range: $70.00 - $199.00) - Items: 10
[2026-10-06T03:28:17.613Z] [SKU 12/37] DDR4 32GB 2133MT/s ECC RDIMM - Status: SUCCESS - Avg: $143.94 (Range: $44.99 - $299.99) - Items: 10
[2026-10-06T03:28:18.638Z] [SKU 13/37] DDR4 32GB 2400MT/s ECC RDIMM - Status: SUCCESS - Avg: $373.89 (Range: $90.00 - $2100.00) - Items: 10
[2026-10-06T03:28:19.633Z] [SKU 14/37] DDR4 32GB 2666MT/s ECC RDIMM - Status: SUCCESS - Avg: $212.34 (Range: $169.50 - $279.00) - Items: 10
[2026-10-06T03:28:20.634Z] [SKU 15/37] DDR4 32GB 2933MT/s ECC RDIMM - Status: SUCCESS - Avg: $254.39 (Range: $74.50 - $359.99) - Items: 10
[2026-10-06T03:28:21.704Z] [SKU 16/37] DDR4 32GB 3200MT/s ECC RDIMM - Status: SUCCESS - Avg: $298.44 (Range: $189.99 - $370.00) - Items: 10
[2026-10-06T03:28:22.718Z] [SKU 17/37] DDR4 64GB 2133MT/s ECC RDIMM - Status: SUCCESS - Avg: $171.06 (Range: $68.74 - $375.00) - Items: 10
[2026-10-06T03:28:23.961Z] [SKU 18/37] DDR4 64GB 2400MT/s ECC RDIMM - Status: SUCCESS - Avg: $202.49 (Range: $43.63 - $390.00) - Items: 10
[2026-10-06T03:28:25.004Z] [SKU 19/37] DDR4 64GB 2666MT/s ECC RDIMM - Status: SUCCESS - Avg: $263.80 (Range: $100.00 - $495.99) - Items: 10
[2026-10-06T03:28:25.978Z] [SKU 20/37] DDR4 64GB 2933MT/s ECC RDIMM - Status: SUCCESS - Avg: $381.51 (Range: $87.25 - $459.99) - Items: 10
[2026-10-06T03:28:27.077Z] [SKU 21/37] DDR4 64GB 3200MT/s ECC RDIMM - Status: SUCCESS - Avg: $476.87 (Range: $84.75 - $795.00) - Items: 10
[2026-10-06T03:28:28.098Z] [SKU 22/37] DDR4 128GB 2666MT/s ECC RDIMM - Status: SUCCESS - Avg: $395.95 (Range: $107.99 - $899.00) - Items: 10
[2026-10-06T03:28:29.273Z] [SKU 23/37] DDR4 128GB 2933MT/s ECC RDIMM - Status: SUCCESS - Avg: $657.01 (Range: $133.22 - $2833.60) - Items: 10
[2026-10-06T03:28:30.235Z] [SKU 24/37] DDR4 128GB 3200MT/s ECC RDIMM - Status: SUCCESS - Avg: $1593.84 (Range: $143.74 - $4723.20) - Items: 10
[2026-10-06T03:28:31.205Z] [SKU 25/37] DDR5 16GB 4800MT/s ECC RDIMM - Status: SUCCESS - Avg: $812.93 (Range: $499.94 - $1894.40) - Items: 10
[2026-10-06T03:28:32.216Z] [SKU 26/37] DDR5 16GB 5600MT/s ECC RDIMM - Status: SUCCESS - Avg: $791.93 (Range: $429.00 - $2850.00) - Items: 10
[2026-10-06T03:28:33.224Z] [SKU 27/37] DDR5 32GB 4800MT/s ECC RDIMM - Status: SUCCESS - Avg: $1266.80 (Range: $799.00 - $2600.00) - Items: 10
[2026-10-06T03:28:34.287Z] [SKU 28/37] DDR5 32GB 5600MT/s ECC RDIMM - Status: SUCCESS - Avg: $1511.44 (Range: $950.00 - $3118.40) - Items: 10
[2026-10-06T03:28:35.231Z] [SKU 29/37] DDR5 48GB 5600MT/s ECC RDIMM - Status: SUCCESS - Avg: $2925.20 (Range: $1850.00 - $4900.00) - Items: 5
[2026-10-06T03:28:36.248Z] [SKU 30/37] DDR5 64GB 4800MT/s ECC RDIMM - Status: SUCCESS - Avg: $2403.91 (Range: $1800.00 - $2900.00) - Items: 10
[2026-10-06T03:28:37.252Z] [SKU 31/37] DDR5 64GB 5600MT/s ECC RDIMM - Status: SUCCESS - Avg: $2740.10 (Range: $2399.00 - $3499.00) - Items: 10
[2026-10-06T03:28:38.276Z] [SKU 32/37] DDR5 64GB 6400MT/s ECC RDIMM - Status: SUCCESS - Avg: $2992.11 (Range: $2599.99 - $3359.99) - Items: 10
[2026-10-06T03:28:39.218Z] [SKU 33/37] DDR5 96GB 5600MT/s ECC RDIMM - Status: SUCCESS - Avg: $3557.00 (Range: $2550.00 - $3879.00) - Items: 10
[2026-10-06T03:28:40.193Z] [SKU 34/37] DDR5 128GB 5600MT/s ECC RDIMM - Status: SUCCESS - Avg: $3797.09 (Range: $1050.00 - $5424.00) - Items: 10
[2026-10-06T03:28:41.196Z] [SKU 35/37] DDR5 128GB 4800MT/s ECC RDIMM - Status: SUCCESS - Avg: $3982.10 (Range: $1500.00 - $4800.00) - Items: 10
[2026-10-06T03:28:42.174Z] [SKU 36/37] DDR5 128GB 5600MT/s ECC RDIMM - Status: SUCCESS - Avg: $3797.09 (Range: $1050.00 - $5424.00) - Items: 10
[2026-10-06T03:28:43.164Z] [SKU 37/37] DDR5 256GB 4800MT/s ECC RDIMM - Status: SUCCESS - Avg: $6238.08 (Range: $720.00 - $9999.00) - Items: 6
[2026-10-06T03:28:43.674Z] === SYNC FINISHED - Total SKUs: 37, Success: 37, Failed: 0 - Source: eBay Production API - Overall: SUCCESS ===
[2026-10-07T02:52:19.342Z] === SYNC STARTED: Querying secondary server memory market data (37 SKUs) ===
[2026-10-07T02:52:19.688Z] Authenticated with eBay Production API. Processing 37 SKUs...
[2026-10-07T02:52:20.639Z] [SKU 1/37] DDR3 16GB 1333MT/s ECC RDIMM - Status: SUCCESS - Avg: $25.48 (Range: $5.07 - $120.00) - Items: 10
[2026-10-07T02:52:21.934Z] [SKU 2/37] DDR3 16GB 1600MT/s ECC RDIMM - Status: SUCCESS - Avg: $24.53 (Range: $7.47 - $74.99) - Items: 10
[2026-10-07T02:52:22.999Z] [SKU 3/37] DDR3 16GB 1866MT/s ECC RDIMM - Status: SUCCESS - Avg: $22.26 (Range: $7.50 - $46.99) - Items: 10
[2026-10-07T02:52:24.043Z] [SKU 4/37] DDR3 32GB 1333MT/s ECC RDIMM - Status: SUCCESS - Avg: $20.75 (Range: $6.13 - $40.63) - Items: 10
[2026-10-07T02:52:25.016Z] [SKU 5/37] DDR3 32GB 1600MT/s ECC RDIMM - Status: SUCCESS - Avg: $19.04 (Range: $6.25 - $32.71) - Items: 10
[2026-10-07T02:52:26.054Z] [SKU 6/37] DDR3 32GB 1866MT/s ECC RDIMM - Status: SUCCESS - Avg: $55.03 (Range: $12.50 - $249.60) - Items: 10
[2026-10-07T02:52:27.083Z] [SKU 7/37] DDR4 16GB 2133MT/s ECC RDIMM - Status: SUCCESS - Avg: $108.47 (Range: $55.00 - $449.99) - Items: 10
[2026-10-07T02:52:28.195Z] [SKU 8/37] DDR4 16GB 2400MT/s ECC RDIMM - Status: SUCCESS - Avg: $79.99 (Range: $60.00 - $149.97) - Items: 10
[2026-10-07T02:52:29.213Z] [SKU 9/37] DDR4 16GB 2666MT/s ECC RDIMM - Status: SUCCESS - Avg: $101.95 (Range: $60.00 - $169.99) - Items: 10
[2026-10-07T02:52:30.313Z] [SKU 10/37] DDR4 16GB 2933MT/s ECC RDIMM - Status: SUCCESS - Avg: $108.97 (Range: $75.99 - $139.99) - Items: 10
[2026-10-07T02:52:31.348Z] [SKU 11/37] DDR4 16GB 3200MT/s ECC RDIMM - Status: SUCCESS - Avg: $103.69 (Range: $70.00 - $180.00) - Items: 10
[2026-10-07T02:52:32.431Z] [SKU 12/37] DDR4 32GB 2133MT/s ECC RDIMM - Status: SUCCESS - Avg: $132.66 (Range: $12.22 - $299.99) - Items: 10
[2026-10-07T02:52:33.527Z] [SKU 13/37] DDR4 32GB 2400MT/s ECC RDIMM - Status: SUCCESS - Avg: $175.22 (Range: $140.00 - $259.99) - Items: 10
[2026-10-07T02:52:34.775Z] [SKU 14/37] DDR4 32GB 2666MT/s ECC RDIMM - Status: SUCCESS - Avg: $213.29 (Range: $165.00 - $279.00) - Items: 10
[2026-10-07T02:52:35.763Z] [SKU 15/37] DDR4 32GB 2933MT/s ECC RDIMM - Status: SUCCESS - Avg: $265.10 (Range: $190.00 - $359.99) - Items: 10
[2026-10-07T02:52:36.854Z] [SKU 16/37] DDR4 32GB 3200MT/s ECC RDIMM - Status: SUCCESS - Avg: $289.69 (Range: $100.00 - $359.99) - Items: 10
[2026-10-07T02:52:37.976Z] [SKU 17/37] DDR4 64GB 2133MT/s ECC RDIMM - Status: SUCCESS - Avg: $159.19 (Range: $60.00 - $375.00) - Items: 10
[2026-10-07T02:52:39.237Z] [SKU 18/37] DDR4 64GB 2400MT/s ECC RDIMM - Status: SUCCESS - Avg: $243.88 (Range: $43.63 - $419.00) - Items: 10
[2026-10-07T02:52:40.355Z] [SKU 19/37] DDR4 64GB 2666MT/s ECC RDIMM - Status: SUCCESS - Avg: $245.97 (Range: $65.74 - $450.00) - Items: 10
[2026-10-07T02:52:41.528Z] [SKU 20/37] DDR4 64GB 2933MT/s ECC RDIMM - Status: SUCCESS - Avg: $394.86 (Range: $87.25 - $599.00) - Items: 10
[2026-10-07T02:52:42.609Z] [SKU 21/37] DDR4 64GB 3200MT/s ECC RDIMM - Status: SUCCESS - Avg: $608.71 (Range: $205.00 - $750.00) - Items: 10
[2026-10-07T02:52:43.667Z] [SKU 22/37] DDR4 128GB 2666MT/s ECC RDIMM - Status: SUCCESS - Avg: $294.97 (Range: $90.62 - $899.00) - Items: 10
[2026-10-07T02:52:44.686Z] [SKU 23/37] DDR4 128GB 2933MT/s ECC RDIMM - Status: SUCCESS - Avg: $1217.04 (Range: $217.88 - $2896.00) - Items: 10
[2026-10-07T02:52:45.776Z] [SKU 24/37] DDR4 128GB 3200MT/s ECC RDIMM - Status: SUCCESS - Avg: $1595.91 (Range: $143.74 - $4740.80) - Items: 10
[2026-10-07T02:52:46.869Z] [SKU 25/37] DDR5 16GB 4800MT/s ECC RDIMM - Status: SUCCESS - Avg: $801.43 (Range: $474.97 - $1894.40) - Items: 10
[2026-10-07T02:52:48.088Z] [SKU 26/37] DDR5 16GB 5600MT/s ECC RDIMM - Status: SUCCESS - Avg: $1277.00 (Range: $419.00 - $2995.00) - Items: 10
[2026-10-07T02:52:49.164Z] [SKU 27/37] DDR5 32GB 4800MT/s ECC RDIMM - Status: SUCCESS - Avg: $1189.10 (Range: $850.00 - $1497.00) - Items: 10
[2026-10-07T02:52:50.352Z] [SKU 28/37] DDR5 32GB 5600MT/s ECC RDIMM - Status: SUCCESS - Avg: $1477.24 (Range: $900.00 - $3118.40) - Items: 10
[2026-10-07T02:52:51.258Z] [SKU 29/37] DDR5 48GB 5600MT/s ECC RDIMM - Status: SUCCESS - Avg: $2925.20 (Range: $1850.00 - $4900.00) - Items: 5
[2026-10-07T02:52:52.247Z] [SKU 30/37] DDR5 64GB 4800MT/s ECC RDIMM - Status: SUCCESS - Avg: $2365.13 (Range: $1799.00 - $2900.00) - Items: 10
[2026-10-07T02:52:53.251Z] [SKU 31/37] DDR5 64GB 5600MT/s ECC RDIMM - Status: SUCCESS - Avg: $2730.00 (Range: $2399.00 - $3499.00) - Items: 10
[2026-10-07T02:52:54.337Z] [SKU 32/37] DDR5 64GB 6400MT/s ECC RDIMM - Status: SUCCESS - Avg: $3022.01 (Range: $2599.99 - $3359.99) - Items: 10
[2026-10-07T02:52:55.358Z] [SKU 33/37] DDR5 96GB 5600MT/s ECC RDIMM - Status: SUCCESS - Avg: $3529.00 (Range: $2550.00 - $3775.00) - Items: 10
[2026-10-07T02:52:56.348Z] [SKU 34/37] DDR5 128GB 5600MT/s ECC RDIMM - Status: SUCCESS - Avg: $3532.09 (Range: $999.98 - $5424.00) - Items: 10
[2026-10-07T02:52:57.311Z] [SKU 35/37] DDR5 128GB 4800MT/s ECC RDIMM - Status: SUCCESS - Avg: $3982.10 (Range: $1500.00 - $4800.00) - Items: 10
[2026-10-07T02:52:58.306Z] [SKU 36/37] DDR5 128GB 5600MT/s ECC RDIMM - Status: SUCCESS - Avg: $3532.09 (Range: $999.98 - $5424.00) - Items: 10
[2026-10-07T02:52:59.359Z] [SKU 37/37] DDR5 256GB 4800MT/s ECC RDIMM - Status: SUCCESS - Avg: $6072.92 (Range: $720.00 - $9999.00) - Items: 6
[2026-10-07T02:52:59.868Z] === SYNC FINISHED - Total SKUs: 37, Success: 37, Failed: 0 - Source: eBay Production API - Overall: SUCCESS ===
[2026-10-08T03:09:54.489Z] === SYNC STARTED: Querying secondary server memory market data (37 SKUs) ===
[2026-10-08T03:09:54.824Z] Authenticated with eBay Production API. Processing 37 SKUs...
[2026-10-08T03:09:55.421Z] [SKU 1/37] DDR3 16GB 1333MT/s ECC RDIMM - Status: SUCCESS - Avg: $19.97 (Range: $12.00 - $38.99) - Items: 10
[2026-10-08T03:09:56.448Z] [SKU 2/37] DDR3 16GB 1600MT/s ECC RDIMM - Status: SUCCESS - Avg: $29.26 (Range: $7.47 - $104.99) - Items: 10
[2026-10-08T03:09:57.431Z] [SKU 3/37] DDR3 16GB 1866MT/s ECC RDIMM - Status: SUCCESS - Avg: $57.77 (Range: $8.00 - $198.40) - Items: 10
[2026-10-08T03:09:58.580Z] [SKU 4/37] DDR3 32GB 1333MT/s ECC RDIMM - Status: SUCCESS - Avg: $21.50 (Range: $6.13 - $40.63) - Items: 10
[2026-10-08T03:09:59.581Z] [SKU 5/37] DDR3 32GB 1600MT/s ECC RDIMM - Status: SUCCESS - Avg: $19.15 (Range: $1.83 - $59.40) - Items: 10
[2026-10-08T03:10:00.607Z] [SKU 6/37] DDR3 32GB 1866MT/s ECC RDIMM - Status: SUCCESS - Avg: $58.23 (Range: $12.50 - $249.60) - Items: 10
[2026-10-08T03:10:01.611Z] [SKU 7/37] DDR4 16GB 2133MT/s ECC RDIMM - Status: SUCCESS - Avg: $76.13 (Range: $59.38 - $158.00) - Items: 10
[2026-10-08T03:10:02.608Z] [SKU 8/37] DDR4 16GB 2400MT/s ECC RDIMM - Status: SUCCESS - Avg: $72.67 (Range: $55.00 - $85.00) - Items: 10
[2026-10-08T03:10:03.717Z] [SKU 9/37] DDR4 16GB 2666MT/s ECC RDIMM - Status: SUCCESS - Avg: $84.15 (Range: $49.99 - $125.00) - Items: 10
[2026-10-08T03:10:04.724Z] [SKU 10/37] DDR4 16GB 2933MT/s ECC RDIMM - Status: SUCCESS - Avg: $96.47 (Range: $75.99 - $120.00) - Items: 10
[2026-10-08T03:10:05.824Z] [SKU 11/37] DDR4 16GB 3200MT/s ECC RDIMM - Status: SUCCESS - Avg: $124.35 (Range: $49.99 - $328.00) - Items: 10
[2026-10-08T03:10:06.803Z] [SKU 12/37] DDR4 32GB 2133MT/s ECC RDIMM - Status: SUCCESS - Avg: $159.30 (Range: $65.00 - $299.99) - Items: 10
[2026-10-08T03:10:07.819Z] [SKU 13/37] DDR4 32GB 2400MT/s ECC RDIMM - Status: SUCCESS - Avg: $155.12 (Range: $36.25 - $259.99) - Items: 10
[2026-10-08T03:10:08.952Z] [SKU 14/37] DDR4 32GB 2666MT/s ECC RDIMM - Status: SUCCESS - Avg: $219.99 (Range: $134.99 - $350.00) - Items: 10
[2026-10-08T03:10:09.941Z] [SKU 15/37] DDR4 32GB 2933MT/s ECC RDIMM - Status: SUCCESS - Avg: $243.20 (Range: $185.00 - $359.99) - Items: 10
[2026-10-08T03:10:10.922Z] [SKU 16/37] DDR4 32GB 3200MT/s ECC RDIMM - Status: SUCCESS - Avg: $314.09 (Range: $189.99 - $375.00) - Items: 10
[2026-10-08T03:10:11.879Z] [SKU 17/37] DDR4 64GB 2133MT/s ECC RDIMM - Status: SUCCESS - Avg: $156.02 (Range: $28.75 - $375.00) - Items: 10
[2026-10-08T03:10:12.911Z] [SKU 18/37] DDR4 64GB 2400MT/s ECC RDIMM - Status: SUCCESS - Avg: $268.34 (Range: $28.63 - $419.00) - Items: 10
[2026-10-08T03:10:13.971Z] [SKU 19/37] DDR4 64GB 2666MT/s ECC RDIMM - Status: SUCCESS - Avg: $331.17 (Range: $53.99 - $450.00) - Items: 10
[2026-10-08T03:10:14.928Z] [SKU 20/37] DDR4 64GB 2933MT/s ECC RDIMM - Status: SUCCESS - Avg: $381.25 (Range: $87.25 - $599.00) - Items: 10
[2026-10-08T03:10:15.849Z] [SKU 21/37] DDR4 64GB 3200MT/s ECC RDIMM - Status: SUCCESS - Avg: $602.21 (Range: $205.00 - $799.99) - Items: 10
[2026-10-08T03:10:16.823Z] [SKU 22/37] DDR4 128GB 2666MT/s ECC RDIMM - Status: SUCCESS - Avg: $668.32 (Range: $90.62 - $2380.80) - Items: 10
[2026-10-08T03:10:17.819Z] [SKU 23/37] DDR4 128GB 2933MT/s ECC RDIMM - Status: SUCCESS - Avg: $1037.53 (Range: $212.25 - $2896.00) - Items: 10
[2026-10-08T03:10:18.807Z] [SKU 24/37] DDR4 128GB 3200MT/s ECC RDIMM - Status: SUCCESS - Avg: $1505.77 (Range: $106.25 - $4740.80) - Items: 10
[2026-10-08T03:10:19.758Z] [SKU 25/37] DDR5 16GB 4800MT/s ECC RDIMM - Status: SUCCESS - Avg: $676.73 (Range: $474.97 - $1894.40) - Items: 10
[2026-10-08T03:10:20.763Z] [SKU 26/37] DDR5 16GB 5600MT/s ECC RDIMM - Status: SUCCESS - Avg: $1061.87 (Range: $419.00 - $2859.00) - Items: 10
[2026-10-08T03:10:21.779Z] [SKU 27/37] DDR5 32GB 4800MT/s ECC RDIMM - Status: SUCCESS - Avg: $1134.70 (Range: $849.99 - $1497.00) - Items: 10
[2026-10-08T03:10:22.790Z] [SKU 28/37] DDR5 32GB 5600MT/s ECC RDIMM - Status: SUCCESS - Avg: $1494.94 (Range: $779.00 - $3118.40) - Items: 10
[2026-10-08T03:10:23.749Z] [SKU 29/37] DDR5 48GB 5600MT/s ECC RDIMM - Status: SUCCESS - Avg: $2925.20 (Range: $1850.00 - $4900.00) - Items: 5
[2026-10-08T03:10:24.728Z] [SKU 30/37] DDR5 64GB 4800MT/s ECC RDIMM - Status: SUCCESS - Avg: $2398.43 (Range: $1799.00 - $2900.00) - Items: 10
[2026-10-08T03:10:25.676Z] [SKU 31/37] DDR5 64GB 5600MT/s ECC RDIMM - Status: SUCCESS - Avg: $2781.60 (Range: $2399.00 - $3499.00) - Items: 10
[2026-10-08T03:10:26.761Z] [SKU 32/37] DDR5 64GB 6400MT/s ECC RDIMM - Status: SUCCESS - Avg: $3032.91 (Range: $2599.99 - $3468.99) - Items: 10
[2026-10-08T03:10:27.747Z] [SKU 33/37] DDR5 96GB 5600MT/s ECC RDIMM - Status: SUCCESS - Avg: $3649.40 (Range: $3399.00 - $3879.00) - Items: 10
[2026-10-08T03:10:28.702Z] [SKU 34/37] DDR5 128GB 5600MT/s ECC RDIMM - Status: SUCCESS - Avg: $3532.09 (Range: $999.98 - $5424.00) - Items: 10
[2026-10-08T03:10:29.692Z] [SKU 35/37] DDR5 128GB 4800MT/s ECC RDIMM - Status: SUCCESS - Avg: $4062.00 (Range: $1500.00 - $4800.00) - Items: 10
[2026-10-08T03:10:30.665Z] [SKU 36/37] DDR5 128GB 5600MT/s ECC RDIMM - Status: SUCCESS - Avg: $3532.09 (Range: $999.98 - $5424.00) - Items: 10
[2026-10-08T03:10:31.670Z] [SKU 37/37] DDR5 256GB 4800MT/s ECC RDIMM - Status: SUCCESS - Avg: $6075.62 (Range: $720.00 - $9999.00) - Items: 6
[2026-10-08T03:10:32.179Z] === SYNC FINISHED - Total SKUs: 37, Success: 37, Failed: 0 - Source: eBay Production API - Overall: SUCCESS ===
[2026-10-09T03:15:54.308Z] === SYNC STARTED: Querying secondary server memory market data (37 SKUs) ===
[2026-10-09T03:15:54.604Z] Authenticated with eBay Production API. Processing 37 SKUs...
[2026-10-09T03:15:55.345Z] [SKU 1/37] DDR3 16GB 1333MT/s ECC RDIMM - Status: SUCCESS - Avg: $26.34 (Range: $8.00 - $104.99) - Items: 10
[2026-10-09T03:15:56.398Z] [SKU 2/37] DDR3 16GB 1600MT/s ECC RDIMM - Status: SUCCESS - Avg: $14.93 (Range: $10.00 - $18.75) - Items: 10
[2026-10-09T03:15:57.456Z] [SKU 3/37] DDR3 16GB 1866MT/s ECC RDIMM - Status: SUCCESS - Avg: $14.59 (Range: $7.50 - $24.99) - Items: 10
[2026-10-09T03:15:58.535Z] [SKU 4/37] DDR3 32GB 1333MT/s ECC RDIMM - Status: SUCCESS - Avg: $20.47 (Range: $6.25 - $40.63) - Items: 10
[2026-10-09T03:15:59.548Z] [SKU 5/37] DDR3 32GB 1600MT/s ECC RDIMM - Status: SUCCESS - Avg: $17.39 (Range: $6.25 - $33.00) - Items: 10
[2026-10-09T03:16:00.558Z] [SKU 6/37] DDR3 32GB 1866MT/s ECC RDIMM - Status: SUCCESS - Avg: $29.51 (Range: $7.50 - $70.00) - Items: 10
[2026-10-09T03:16:01.625Z] [SKU 7/37] DDR4 16GB 2133MT/s ECC RDIMM - Status: SUCCESS - Avg: $80.39 (Range: $12.00 - $158.00) - Items: 10
[2026-10-09T03:16:02.669Z] [SKU 8/37] DDR4 16GB 2400MT/s ECC RDIMM - Status: SUCCESS - Avg: $84.49 (Range: $60.00 - $104.95) - Items: 10
[2026-10-09T03:16:03.769Z] [SKU 9/37] DDR4 16GB 2666MT/s ECC RDIMM - Status: SUCCESS - Avg: $89.44 (Range: $60.00 - $184.95) - Items: 10
[2026-10-09T03:16:04.780Z] [SKU 10/37] DDR4 16GB 2933MT/s ECC RDIMM - Status: SUCCESS - Avg: $102.39 (Range: $79.00 - $184.95) - Items: 10
[2026-10-09T03:16:05.838Z] [SKU 11/37] DDR4 16GB 3200MT/s ECC RDIMM - Status: SUCCESS - Avg: $100.97 (Range: $44.99 - $200.00) - Items: 10
[2026-10-09T03:16:06.855Z] [SKU 12/37] DDR4 32GB 2133MT/s ECC RDIMM - Status: SUCCESS - Avg: $191.84 (Range: $104.95 - $369.00) - Items: 10
[2026-10-09T03:16:07.860Z] [SKU 13/37] DDR4 32GB 2400MT/s ECC RDIMM - Status: SUCCESS - Avg: $148.51 (Range: $36.25 - $269.95) - Items: 10
[2026-10-09T03:16:08.925Z] [SKU 14/37] DDR4 32GB 2666MT/s ECC RDIMM - Status: SUCCESS - Avg: $183.08 (Range: $104.95 - $269.95) - Items: 10
[2026-10-09T03:16:09.981Z] [SKU 15/37] DDR4 32GB 2933MT/s ECC RDIMM - Status: SUCCESS - Avg: $226.44 (Range: $184.95 - $299.00) - Items: 10
[2026-10-09T03:16:11.002Z] [SKU 16/37] DDR4 32GB 3200MT/s ECC RDIMM - Status: SUCCESS - Avg: $268.09 (Range: $90.00 - $369.00) - Items: 10
[2026-10-09T03:16:12.076Z] [SKU 17/37] DDR4 64GB 2133MT/s ECC RDIMM - Status: SUCCESS - Avg: $113.69 (Range: $25.00 - $299.99) - Items: 10
[2026-10-09T03:16:13.121Z] [SKU 18/37] DDR4 64GB 2400MT/s ECC RDIMM - Status: SUCCESS - Avg: $204.91 (Range: $24.88 - $390.00) - Items: 10
[2026-10-09T03:16:14.083Z] [SKU 19/37] DDR4 64GB 2666MT/s ECC RDIMM - Status: SUCCESS - Avg: $257.24 (Range: $61.38 - $399.71) - Items: 10
[2026-10-09T03:16:15.129Z] [SKU 20/37] DDR4 64GB 2933MT/s ECC RDIMM - Status: SUCCESS - Avg: $639.54 (Range: $175.00 - $3800.00) - Items: 10
[2026-10-09T03:16:16.072Z] [SKU 21/37] DDR4 64GB 3200MT/s ECC RDIMM - Status: SUCCESS - Avg: $533.47 (Range: $211.50 - $800.00) - Items: 10
[2026-10-09T03:16:17.081Z] [SKU 22/37] DDR4 128GB 2666MT/s ECC RDIMM - Status: SUCCESS - Avg: $255.24 (Range: $81.25 - $800.00) - Items: 10
[2026-10-09T03:16:18.079Z] [SKU 23/37] DDR4 128GB 2933MT/s ECC RDIMM - Status: SUCCESS - Avg: $345.74 (Range: $79.99 - $800.00) - Items: 10
[2026-10-09T03:16:19.025Z] [SKU 24/37] DDR4 128GB 3200MT/s ECC RDIMM - Status: SUCCESS - Avg: $567.49 (Range: $106.25 - $1599.00) - Items: 10
[2026-10-09T03:16:20.132Z] [SKU 25/37] DDR5 16GB 4800MT/s ECC RDIMM - Status: SUCCESS - Avg: $490.49 (Range: $249.99 - $599.99) - Items: 10
[2026-10-09T03:16:21.129Z] [SKU 26/37] DDR5 16GB 5600MT/s ECC RDIMM - Status: SUCCESS - Avg: $458.10 (Range: $199.00 - $739.00) - Items: 10
[2026-10-09T03:16:22.121Z] [SKU 27/37] DDR5 32GB 4800MT/s ECC RDIMM - Status: SUCCESS - Avg: $823.25 (Range: $359.99 - $1299.00) - Items: 10
[2026-10-09T03:16:23.154Z] [SKU 28/37] DDR5 32GB 5600MT/s ECC RDIMM - Status: SUCCESS - Avg: $1014.25 (Range: $415.00 - $1699.00) - Items: 10
[2026-10-09T03:16:24.195Z] [SKU 29/37] DDR5 48GB 5600MT/s ECC RDIMM - Status: SUCCESS - Avg: $1981.35 (Range: $199.00 - $4900.00) - Items: 10
[2026-10-09T03:16:25.180Z] [SKU 30/37] DDR5 64GB 4800MT/s ECC RDIMM - Status: SUCCESS - Avg: $1886.96 (Range: $400.00 - $2599.00) - Items: 10
[2026-10-09T03:16:26.169Z] [SKU 31/37] DDR5 64GB 5600MT/s ECC RDIMM - Status: SUCCESS - Avg: $2430.05 (Range: $899.50 - $3499.00) - Items: 10
[2026-10-09T03:16:27.207Z] [SKU 32/37] DDR5 64GB 6400MT/s ECC RDIMM - Status: SUCCESS - Avg: $2718.76 (Range: $899.50 - $3499.00) - Items: 10
[2026-10-09T03:16:28.232Z] [SKU 33/37] DDR5 96GB 5600MT/s ECC RDIMM - Status: SUCCESS - Avg: $2721.15 (Range: $600.00 - $3774.99) - Items: 10
[2026-10-09T03:16:29.212Z] [SKU 34/37] DDR5 128GB 5600MT/s ECC RDIMM - Status: SUCCESS - Avg: $2163.64 (Range: $199.00 - $4699.00) - Items: 10
[2026-10-09T03:16:30.197Z] [SKU 35/37] DDR5 128GB 4800MT/s ECC RDIMM - Status: SUCCESS - Avg: $2054.05 (Range: $249.99 - $4615.99) - Items: 10
[2026-10-09T03:16:31.207Z] [SKU 36/37] DDR5 128GB 5600MT/s ECC RDIMM - Status: SUCCESS - Avg: $2163.64 (Range: $199.00 - $4699.00) - Items: 10
[2026-10-09T03:16:32.249Z] [SKU 37/37] DDR5 256GB 4800MT/s ECC RDIMM - Status: SUCCESS - Avg: $3133.14 (Range: $139.99 - $9999.00) - Items: 10
[2026-10-09T03:16:32.759Z] === SYNC FINISHED - Total SKUs: 37, Success: 37, Failed: 0 - Source: eBay Production API - Overall: SUCCESS ===
